"identifier","score","Gene"
"5TGG",1,"A2M"
"2KWG",0.984173464817125,"A2M"
"7OW0",0.961400124363195,"A2M"
"7OXS",0.955904995667068,"A2M"
"8CLM",0.95318094515204,"A2M"
