"identifier","score","Gene"
"6VXF",1,"ABCG2"
"6VXI",0.98457775046491,"ABCG2"
"6VXJ",0.98457775046491,"ABCG2"
"6VXH",0.969623886408743,"ABCG2"
"7OJ8",0.954528881368031,"ABCG2"
"8BHT",0.954528881368031,"ABCG2"
"7OJH",0.939209632192589,"ABCG2"
"8BI0",0.939209632192589,"ABCG2"
"6HBU",0.934366237960186,"ABCG2"
"6FFC",0.911133170885969,"ABCG2"
"5NIV",0.909398961117597,"ABCG2"
"6ETI",0.905139666265398,"ABCG2"
"7NFD",0.905139666265398,"ABCG2"
