"identifier","score","Gene"
"1EYF",1,"ADA"
"1ADN",0.995194053592913,"ADA"
"1WPK",0.9774688389703,"ADA"
"1ZGW",0.973281896577931,"ADA"
"1U8B",0.969130760130316,"ADA"
"1SFE",0.928112093085789,"ADA"
"4YZ0",0.924744617119973,"ADA"
"4YZA",0.924744617119973,"ADA"
