"identifier","score","Gene"
"4YAY",1,"AGTR1"
"4ZUD",1,"AGTR1"
"6OS1",1,"AGTR1"
"6DO1",0.916617251199586,"AGTR1"
"6OS2",0.916617251199586,"AGTR1"
"8TH3",0.916617251199586,"AGTR1"
"8TH4",0.916617251199586,"AGTR1"
