"identifier","score","Gene"
"1XZY",1,"AHSP"
"1W09",0.9766527830884,"AHSP"
"1W0A",0.9766527830884,"AHSP"
"1W0B",0.9766527830884,"AHSP"
"1Z8U",0.97340220099023,"AHSP"
"1Y01",0.93935756061917,"AHSP"
"3IA3",0.925865094938184,"AHSP"
"3OVU",0.905439806583411,"AHSP"
