"identifier","score","Gene"
"4X9Y",1,"AMY2A"
"3CPU",0.974319359517466,"AMY2A"
"5KEZ",0.974319359517466,"AMY2A"
"3IJ7",0.949924558372104,"AMY2A"
"3IJ8",0.949924558372104,"AMY2A"
"3IJ9",0.949924558372104,"AMY2A"
"4W93",0.949924558372104,"AMY2A"
"5E0F",0.949924558372104,"AMY2A"
"5EMY",0.949924558372104,"AMY2A"
"5TD4",0.904625169663794,"AMY2A"
"5VA9",0.904625169663794,"AMY2A"
