"identifier","score","Gene"
"8QZC",1,"ANO1"
"5NL2",0.937444266621721,"ANO1"
"5OYB",0.937444266621721,"ANO1"
"5OYG",0.937444266621721,"ANO1"
"6BGJ",0.937444266621721,"ANO1"
"7B5C",0.937444266621721,"ANO1"
"7B5D",0.937444266621721,"ANO1"
"7B5E",0.937444266621721,"ANO1"
"7ZK3",0.937444266621721,"ANO1"
