"identifier","score","Gene"
"2WEX",1,"APOM"
"2WEW",0.967332714660758,"APOM"
"2XKL",0.967332714660758,"APOM"
"2YG2",0.926088685861032,"APOM"
