"identifier","score","Gene"
"4NAB",1,"ATP2A1"
"5ZMV",0.947326589178349,"ATP2A1"
"5ZMW",0.947326589178349,"ATP2A1"
"6RB2",0.947326589178349,"ATP2A1"
