"identifier","score","Gene"
"7SI3",1,"ATP7B"
"7SI6",1,"ATP7B"
"7SI7",1,"ATP7B"
"7XUK",0.939616644653583,"ATP7B"
"7XUM",0.939616644653583,"ATP7B"
"7XUN",0.939616644653583,"ATP7B"
"7XUO",0.939616644653583,"ATP7B"
"8IOY",0.939616644653583,"ATP7B"
