"identifier","score","Gene"
"6NQ8",1,"BAX"
"6NQ9",1,"BAX"
"8EJA",0.94956077373879,"BAX"
"1DUF",0.93886509080751,"BAX"
"1NAJ",0.93886509080751,"BAX"
"2K4C",0.932570170773793,"BAX"
"5W63",0.930804618675971,"BAX"
"2GBH",0.927723784997326,"BAX"
"2KYD",0.924068539942047,"BAX"
"4TKQ",0.909385672750507,"BAX"
"4PGS",0.901001150168122,"BAX"
"4PGU",0.901001150168122,"BAX"
"4PGV",0.901001150168122,"BAX"
"4PGW",0.901001150168122,"BAX"
"6NQ7",0.901001150168122,"BAX"
