"identifier","score","Gene"
"6FBX",1,"BCL2"
"6ZX7",0.998274600450706,"BCL2"
"6ZX6",0.99438735774921,"BCL2"
"2F8U",0.954871330987882,"BCL2"
"5TWA",0.912042070577821,"BCL2"
