"identifier","score","Gene"
"4Y94",1,"BTK"
"2E6I",0.990670836089827,"BTK"
"2YS2",0.976643663332671,"BTK"
"2KTC",0.964956005679878,"BTK"
"4Y93",0.937192645545034,"BTK"
"2LUL",0.91039921626795,"BTK"
