"identifier","score","Gene"
"1MD8",1,"C1R"
"1APQ",0.998309650356897,"C1R"
"6F1D",0.988669127221915,"C1R"
"1GPZ",0.973284365428934,"C1R"
"2QY0",0.972292054267562,"C1R"
"1MD7",0.965699997303646,"C1R"
"6F39",0.943130720830604,"C1R"
"2FWW",0.940779764444395,"C1R"
"7MZT",0.93237501738091,"C1R"
"8EC3",0.907333712937688,"C1R"
