"identifier","score","Gene"
"8KBF",1,"CA3"
"6O79",0.990341919546898,"CA3"
"8KBH",0.945350157161011,"CA3"
"7QQK",0.921351080259633,"CA3"
"1KUX",0.908128262620071,"CA3"
