"identifier","score","Gene"
"3U9F",1,"CAT"
"1PD5",0.998705906447715,"CAT"
"1Q23",0.993682457944642,"CAT"
"3U9B",0.965223286993836,"CAT"
"1PYK",0.953562843913219,"CAT"
"6X7Q",0.942003604451949,"CAT"
"1ZKR",0.93051587337903,"CAT"
"1CIA",0.929328442824373,"CAT"
"2CLA",0.922816887718892,"CAT"
"8AMC",0.922816887718892,"CAT"
"1QCA",0.915424573955484,"CAT"
"3CLA",0.913071361016694,"CAT"
"1PUO",0.907565909369903,"CAT"
"2EJN",0.903818251301178,"CAT"
"7ZH7",0.903818251301178,"CAT"
