"identifier","score","Gene"
"2LIE",1,"CCL2"
"4USP",0.999324419080267,"CCL2"
"2LIQ",0.991524269102666,"CCL2"
"4USO",0.989184569836972,"CCL2"
