"identifier","score","Gene"
"4F7B",1,"CD36"
"4TW0",0.973642299676612,"CD36"
"8J3P",0.966685711021723,"CD36"
"5UPH",0.936611915357913,"CD36"
"5KTF",0.92216026452834,"CD36"
"4TW2",0.918142703349947,"CD36"
"4TVZ",0.900387819933926,"CD36"
"5XBM",0.900387819933926,"CD36"
