"identifier","score","Gene"
"6GU6",1,"CDK1"
"6GU7",0.976701116384041,"CDK1"
"6GU4",0.96936652057059,"CDK1"
"4YC6",0.954463249060598,"CDK1"
"4Y72",0.932405207591268,"CDK1"
"4YC3",0.932405207591268,"CDK1"
"5HQ0",0.932405207591268,"CDK1"
"6GU2",0.932405207591268,"CDK1"
"6GU3",0.932405207591268,"CDK1"
