"identifier","score","Gene"
"1IXV",1,"CDK4"
"7SJ3",0.925638753152434,"CDK4"
"1BD8",0.908233037587138,"CDK4"
"3G33",0.901856054003508,"CDK4"
