"identifier","score","Gene"
"8K5R",1,"CDK9"
"6R80",0.912087698522784,"CDK9"
"6W9E",0.908698594260146,"CDK9"
"8I0L",0.908698594260146,"CDK9"
