"identifier","score","Gene"
"2E42",1,"CEBPB"
"2E43",1,"CEBPB"
"8K8D",1,"CEBPB"
"6MG1",0.93747228825935,"CEBPB"
"6MG2",0.93747228825935,"CEBPB"
"6MG3",0.93747228825935,"CEBPB"
"7L4V",0.93747228825935,"CEBPB"
"7UPZ",0.93747228825935,"CEBPB"
