"identifier","score","Gene"
"6D3S",1,"CFTR"
"3FHV",0.993128153131445,"CFTR"
"4YX9",0.992627383562871,"CFTR"
"6D3R",0.956836337201211,"CFTR"
"8EVD",0.939667233759842,"CFTR"
"8F6U",0.939667233759842,"CFTR"
"8F6V",0.931311644338867,"CFTR"
"5W81",0.926298570242109,"CFTR"
"8UBR",0.914851731489788,"CFTR"
