"identifier","score","Gene"
"6J0I",1,"CRH"
"2AK7",0.999103132496854,"CRH"
"2RLZ",0.997762311946648,"CRH"
"207D",0.985815252075959,"CRH"
"1MU4",0.981222699491258,"CRH"
"1MO1",0.980819048564782,"CRH"
"1K1C",0.965711178631157,"CRH"
"146D",0.958619555489892,"CRH"
"8EHU",0.926684678291471,"CRH"
"8EK9",0.918061187047615,"CRH"
