"identifier","score","Gene"
"1O7Y",1,"CXCL10"
"1LV9",0.982550787157229,"CXCL10"
"1O7Z",0.911301965516697,"CXCL10"
"1O80",0.911301965516697,"CXCL10"
