"identifier","score","Gene"
"5LFF",1,"CXCR4"
"5LFH",0.995120017351148,"CXCR4"
"5OJT",0.97884630222445,"CXCR4"
"5OLF",0.97884630222445,"CXCR4"
