"identifier","score","Gene"
"5EGY",1,"DPP3"
"3FVY",0.982476595300168,"DPP3"
"5E3C",0.96555669135617,"DPP3"
"5EHH",0.96555669135617,"DPP3"
"7OUP",0.96555669135617,"DPP3"
