"identifier","score","Gene"
"8TK4",1,"DUSP3"
"8TK6",1,"DUSP3"
"9DJ9",1,"DUSP3"
"3F81",0.949964463571826,"DUSP3"
"8TK2",0.949964463571826,"DUSP3"
"8TK3",0.949964463571826,"DUSP3"
"8TK5",0.949964463571826,"DUSP3"
