"identifier","score","Gene"
"3RSW",1,"FABP3"
"5B27",0.981872631201347,"FABP3"
"5B28",0.981872631201347,"FABP3"
"5B29",0.981872631201347,"FABP3"
"7FW8",0.981872631201347,"FABP3"
"7FZK",0.981872631201347,"FABP3"
"7FZQ",0.981872631201347,"FABP3"
"7V2G",0.981872631201347,"FABP3"
"7FBM",0.947520724684786,"FABP3"
"7FBN",0.947520724684786,"FABP3"
"7FCG",0.947520724684786,"FABP3"
"7FWM",0.900739623266684,"FABP3"
"7FXX",0.900739623266684,"FABP3"
