"identifier","score","Gene"
"7YRV",1,"FGFR1"
"4V05",0.981537287069274,"FGFR1"
"4V04",0.960503837511371,"FGFR1"
