"identifier","score","Gene"
"6JYU",1,"G6PD"
"7UAG",0.957548904195331,"G6PD"
"1DPG",0.946577883114775,"G6PD"
"1E77",0.946577883114775,"G6PD"
"7ZVD",0.932426282190047,"G6PD"
"1H94",0.91607875645581,"G6PD"
"1H9B",0.91607875645581,"G6PD"
