"identifier","score","Gene"
"8VQY",1,"GABRB2"
"8VRN",1,"GABRB2"
"6X3Z",0.941151572490494,"GABRB2"
"7T0W",0.941151572490494,"GABRB2"
"8SGO",0.941151572490494,"GABRB2"
"8SI9",0.941151572490494,"GABRB2"
"8SID",0.941151572490494,"GABRB2"
