"identifier","score","Gene"
"3LLN",1,"GCG"
"2MJJ",0.965184167047241,"GCG"
"153D",0.957456792341031,"GCG"
"1D75",0.953639215715018,"GCG"
"1D96",0.953639215715018,"GCG"
"4PWM",0.949852111828629,"GCG"
"150D",0.946094828053174,"GCG"
"169D",0.942367263984239,"GCG"
"1N5C",0.942367263984239,"GCG"
