"identifier","score","Gene"
"7WT0",1,"GLO1"
"7WT1",1,"GLO1"
"7WT2",1,"GLO1"
"2ZA0",0.958283896200017,"GLO1"
"3W0U",0.958283896200017,"GLO1"
"4OPN",0.958283896200017,"GLO1"
"6L0U",0.958283896200017,"GLO1"
"3VW9",0.919908718845985,"GLO1"
"4KYH",0.919908718845985,"GLO1"
"4PV5",0.919908718845985,"GLO1"
"4X2A",0.919908718845985,"GLO1"
