"identifier","score","Gene"
"7BIB",1,"GSTA1"
"3KTL",0.976247463445903,"GSTA1"
"3L0H",0.976247463445903,"GSTA1"
"4HJ2",0.976247463445903,"GSTA1"
"7BIC",0.976247463445903,"GSTA1"
"6YAW",0.931974108807673,"GSTA1"
