"identifier","score","Gene"
"1HNA",1,"GSTM2"
"1HNB",0.96779209606135,"GSTM2"
"1YKC",0.96779209606135,"GSTM2"
"1GSU",0.955284680848138,"GSTM2"
"1HNC",0.909223765165672,"GSTM2"
"1XW5",0.909223765165672,"GSTM2"
"2AB6",0.909223765165672,"GSTM2"
