"identifier","score","Gene"
"7XLC",1,"IGF1R"
"8PYI",0.928232241305611,"IGF1R"
"8PYJ",0.928232241305611,"IGF1R"
"8PYK",0.928232241305611,"IGF1R"
"8PYL",0.928232241305611,"IGF1R"
"8PYM",0.928232241305611,"IGF1R"
"8PYN",0.928232241305611,"IGF1R"
