"identifier","score","Gene"
"4RU1",1,"INS"
"5FYR",0.95194558307274,"INS"
"6S2A",0.9445996828727,"INS"
"5YSP",0.940515382911088,"INS"
"2X1I",0.923875726625421,"INS"
"5YSQ",0.913533550261777,"INS"
"6X7Z",0.913533550261777,"INS"
"5YA8",0.907063024417423,"INS"
