"identifier","score","Gene"
"7UCD",1,"JUND"
"3U86",0.995175814624513,"JUND"
"7UCC",0.949472881325868,"JUND"
"5VPA",0.907783457739704,"JUND"
