"identifier","score","Gene"
"2R1Y",1,"KDR"
"3WZD",0.934309713273356,"KDR"
"3WZE",0.934309713273356,"KDR"
"5EW3",0.934309713273356,"KDR"
