"identifier","score","Gene"
"5NKN",1,"LCN2"
"6GQZ",1,"LCN2"
"6GR0",0.975669558084684,"LCN2"
"3U0D",0.930395675289528,"LCN2"
"3BX8",0.920709347371525,"LCN2"
