"identifier","score","Gene"
"6ZZR",1,"LDHA"
"4ZVV",0.965013825211998,"LDHA"
"9BK3",0.959937592019372,"LDHA"
"9BK2",0.938170691453152,"LDHA"
