"identifier","score","Gene"
"5F15",1,"MPG"
"5EZM",0.990373350884016,"MPG"
"4O6M",0.965166901008167,"MPG"
"6KFQ",0.962650192957789,"MPG"
"6M31",0.958094654022198,"MPG"
"4RYO",0.939075118915846,"MPG"
"8CZJ",0.933045322643372,"MPG"
"4RYN",0.930261345618811,"MPG"
"4RYR",0.930261345618811,"MPG"
"4RYQ",0.92291817991444,"MPG"
"2GUF",0.910563735902115,"MPG"
"5V7P",0.91004170281509,"MPG"
"7PNC",0.906663056810363,"MPG"
"4O6N",0.901350225865318,"MPG"
"4QI1",0.901350225865318,"MPG"
