"identifier","score","Gene"
"5HK3",1,"MT3"
"5HK0",0.983395244239494,"MT3"
"1RM8",0.908333967436919,"MT3"
