"identifier","score","Gene"
"8FTT",1,"NEIL1"
"5ITR",0.908517919049134,"NEIL1"
"5ITU",0.908517919049134,"NEIL1"
"5ITY",0.908517919049134,"NEIL1"
"1TDH",0.905308310522221,"NEIL1"
"4NRV",0.905308310522221,"NEIL1"
"5ITX",0.904191784276238,"NEIL1"
