"identifier","score","Gene"
"1ZAN",1,"NGF"
"4IMG",0.99825609156575,"NGF"
"6YW8",0.976359673582379,"NGF"
"4EDX",0.958099877604957,"NGF"
"5JZ7",0.931775543018652,"NGF"
