"identifier","score","Gene"
"7MK2",1,"NPR1"
"7MK3",0.967811973158807,"NPR1"
"7TAC",0.930402181453115,"NPR1"
"7TAD",0.930402181453115,"NPR1"
