"identifier","score","Gene"
"4U9Q",1,"NQO1"
"4U9O",0.935444967686052,"NQO1"
"2FUG",0.930552211991512,"NQO1"
"7XFF",0.922634336738755,"NQO1"
"2W8I",0.911833650711872,"NQO1"
