"identifier","score","Gene"
"7YJO",1,"ORM1"
"7YJN",0.991136118386437,"ORM1"
"7YJK",0.986643104158423,"ORM1"
"7YJM",0.984086881141011,"ORM1"
