"identifier","score","Gene"
"3IU5",1,"PBRM1"
"3G0J",0.955591298848766,"PBRM1"
"3HMF",0.955591298848766,"PBRM1"
"3IU6",0.955591298848766,"PBRM1"
"3MB4",0.955591298848766,"PBRM1"
"3TLP",0.955591298848766,"PBRM1"
"4Q0O",0.955591298848766,"PBRM1"
"5FH6",0.955591298848766,"PBRM1"
"5FH7",0.955591298848766,"PBRM1"
"5HRW",0.955591298848766,"PBRM1"
"5HRX",0.955591298848766,"PBRM1"
"6OXB",0.955591298848766,"PBRM1"
"5FH8",0.914959084531099,"PBRM1"
