"identifier","score","Gene"
"7EAT",1,"PDK4"
"2ZDX",0.953527526021852,"PDK4"
"2ZKJ",0.953527526021852,"PDK4"
"7EBB",0.953527526021852,"PDK4"
"7EBG",0.953527526021852,"PDK4"
