"identifier","score","Gene"
"7R6Y",1,"PKM"
"1G5K",0.987104393627944,"PKM"
"1GJ1",0.987104393627944,"PKM"
"1N0K",0.987104393627944,"PKM"
"1N0O",0.987104393627944,"PKM"
"8F5U",0.932392834966419,"PKM"
