"identifier","score","Gene"
"3D5X",1,"PLK1"
"3DB6",1,"PLK1"
"3D5U",0.977368906812045,"PLK1"
"3D5V",0.977368906812045,"PLK1"
"3D5W",0.977368906812045,"PLK1"
"3DB8",0.926053270042292,"PLK1"
"3DBC",0.926053270042292,"PLK1"
