"identifier","score","Gene"
"3HPM",1,"PRKCA"
"3HPK",0.971083891017202,"PRKCA"
"2GZV",0.931115142996154,"PRKCA"
"6AR4",0.931115142996154,"PRKCA"
"6BJN",0.931115142996154,"PRKCA"
"6BJO",0.931115142996154,"PRKCA"
