"identifier","score","Gene"
"3AWG",1,"PTEN"
"3AWF",0.980455548509375,"PTEN"
"3AWE",0.961660391721248,"PTEN"
"3N0A",0.938237549687008,"PTEN"
