"identifier","score","Gene"
"3N8W",1,"PTGS1"
"1U67",0.941795783721065,"PTGS1"
"3N8Y",0.921624282170641,"PTGS1"
"5WBE",0.905533199601225,"PTGS1"
