"identifier","score","Gene"
"8G28",1,"RARA"
"3CTD",0.967779571036378,"RARA"
"3BGE",0.937570665168509,"RARA"
"3VHS",0.937570665168509,"RARA"
