"identifier","score","Gene"
"6OUS",1,"RB1"
"6DCE",0.970989592411524,"RB1"
"6GMA",0.970989592411524,"RB1"
"7CZG",0.970989592411524,"RB1"
"8YFL",0.933716060974406,"RB1"
"5IDQ",0.902304108193112,"RB1"
