"identifier","score","Gene"
"3FBV",1,"RNASEL"
"3SDJ",0.988299634136375,"RNASEL"
"4O1P",0.957750247059478,"RNASEL"
"3SDM",0.952323612568621,"RNASEL"
"4O1O",0.921874152339055,"RNASEL"
