"identifier","score","Gene"
"2QR7",1,"RPS6KA3"
"2QR8",1,"RPS6KA3"
"5O1S",1,"RPS6KA3"
"3G51",0.964249345363897,"RPS6KA3"
"3UBD",0.964249345363897,"RPS6KA3"
"4EL9",0.964249345363897,"RPS6KA3"
"4GUE",0.964249345363897,"RPS6KA3"
"4M8T",0.964249345363897,"RPS6KA3"
"4MAO",0.964249345363897,"RPS6KA3"
