"identifier","score","Gene"
"6HGE",1,"SERPINA3"
"5OM5",0.962766666904684,"SERPINA3"
"5OM8",0.962766666904684,"SERPINA3"
"6HGD",0.962766666904684,"SERPINA3"
"6HGI",0.962766666904684,"SERPINA3"
"6HGM",0.962766666904684,"SERPINA3"
"6HGN",0.962766666904684,"SERPINA3"
"5OM2",0.915843808537484,"SERPINA3"
"5OM3",0.915843808537484,"SERPINA3"
"5OM7",0.915843808537484,"SERPINA3"
"6HGJ",0.915843808537484,"SERPINA3"
"6HGK",0.915843808537484,"SERPINA3"
"6HGL",0.915843808537484,"SERPINA3"
