"identifier","score","Gene"
"8V2N",1,"SIRT3"
"8V15",0.971522215227198,"SIRT3"
"4JSR",0.922566761931454,"SIRT3"
"4JT8",0.922566761931454,"SIRT3"
"4JT9",0.922566761931454,"SIRT3"
"4O8Z",0.922566761931454,"SIRT3"
"5Z93",0.922566761931454,"SIRT3"
"8HLY",0.919170288150305,"SIRT3"
