"identifier","score","Gene"
"4BN5",1,"SIRT2"
"1S7G",0.969025767633049,"SIRT2"
"1YC2",0.960180513413716,"SIRT2"
"5D7N",0.933182891695262,"SIRT2"
"3GLS",0.916812639272999,"SIRT2"
"6EO0",0.90076148517511,"SIRT2"
