"identifier","score","Gene"
"8HFE",1,"SLC6A2"
"8HFL",1,"SLC6A2"
"8HFF",0.972250029236058,"SLC6A2"
"8WGX",0.972250029236058,"SLC6A2"
"8Z1L",0.972250029236058,"SLC6A2"
"8HFG",0.945998637595574,"SLC6A2"
"8HFI",0.945998637595574,"SLC6A2"
"8WGR",0.945998637595574,"SLC6A2"
