"identifier","score","Gene"
"7UC6",1,"STAT5A"
"7TVA",0.978804554483757,"STAT5A"
"7TVB",0.978804554483757,"STAT5A"
"7UBT",0.978804554483757,"STAT5A"
"7UC7",0.978804554483757,"STAT5A"
