"identifier","score","Gene"
"5AAQ",1,"TBK1"
"1M93",0.925621909844416,"TBK1"
"1C8O",0.909363576736829,"TBK1"
"7EA2",0.903396698197233,"TBK1"
