"identifier","score","Gene"
"3TMM",1,"TFAM"
"4NNU",0.984549595229012,"TFAM"
"4NOD",0.984549595229012,"TFAM"
"7LBX",0.963076089373587,"TFAM"
"7LBW",0.945618064115418,"TFAM"
