"identifier","score","Gene"
"5D3D",1,"TLR2"
"3WI4",0.939502086231919,"TLR2"
"3WI5",0.939502086231919,"TLR2"
