"identifier","score","Gene"
"5JRT",1,"TNKS2"
"7POX",1,"TNKS2"
"5NSP",0.98618626322895,"TNKS2"
"5OWT",0.951258988797532,"TNKS2"
"6TKM",0.951258988797532,"TNKS2"
"5NUT",0.907048590662538,"TNKS2"
"5OWS",0.907048590662538,"TNKS2"
