"identifier","score","Gene"
"8AJP",1,"TPMT"
"3BGI",0.991891972860461,"TPMT"
"2GB4",0.985222519226813,"TPMT"
"3BGD",0.985222519226813,"TPMT"
"1PJZ",0.983070662076556,"TPMT"
"3LCC",0.961712116297022,"TPMT"
"2H11",0.959417556679922,"TPMT"
"2BZG",0.914360682085775,"TPMT"
