"identifier","score","Gene"
"7D4P",1,"TRPC5"
"7D4Q",1,"TRPC5"
"7E4T",1,"TRPC5"
"7WDB",1,"TRPC5"
"7X6C",0.973834767570581,"TRPC5"
"8GVW",0.973834767570581,"TRPC5"
"7X6I",0.943373791998451,"TRPC5"
"8GVX",0.943373791998451,"TRPC5"
