"identifier","score","Gene"
"8SEM",1,"TRPV1"
"2N9Z",0.914550498900464,"TRPV1"
"2NAJ",0.914550498900464,"TRPV1"
"6CUC",0.900941492776979,"TRPV1"
