"identifier","score","Gene"
"3KP8",1,"VKORC1"
"4NV2",0.916778202957729,"VKORC1"
"4NV6",0.916778202957729,"VKORC1"
"3KP9",0.900131404587886,"VKORC1"
"4NV5",0.900131404587886,"VKORC1"
