"identifier","score","Gene"
"8XI4",1,"VLDLR"
"8YS2",1,"VLDLR"
"8UFB",0.939046034683301,"VLDLR"
"8UFC",0.939046034683301,"VLDLR"
"8XI5",0.934513921953408,"VLDLR"
"8YS4",0.934513921953408,"VLDLR"
