"identifier","score","Gene"
"2O02",1,"YWHAZ"
"5JM4",1,"YWHAZ"
"6RLZ",1,"YWHAZ"
"3RDH",0.949964514744049,"YWHAZ"
"4N7G",0.949964514744049,"YWHAZ"
"4N7Y",0.949964514744049,"YWHAZ"
"4N84",0.949964514744049,"YWHAZ"
"5J31",0.949964514744049,"YWHAZ"
"6FN9",0.949964514744049,"YWHAZ"
"6FNA",0.949964514744049,"YWHAZ"
"6FNB",0.949964514744049,"YWHAZ"
"6FNC",0.949964514744049,"YWHAZ"
