"identifier","score","Gene"
"4Y0I",1,"ABAT"
"1OHW",0.937440917272126,"ABAT"
"1OHY",0.937440917272126,"ABAT"
"4Y0D",0.937440917272126,"ABAT"
"4ZSW",0.937440917272126,"ABAT"
"4ZSY",0.937440917272126,"ABAT"
