"identifier","score","Gene"
"6LR0",1,"ABCB11"
"7DV5",0.980280856397261,"ABCB11"
"7E1A",0.980280856397261,"ABCB11"
