"identifier","score","Gene"
"5DO7",1,"ABCG8"
"8CUB",0.975516696194664,"ABCG8"
"7R87",0.918376353796229,"ABCG8"
"7R88",0.918376353796229,"ABCG8"
"7R89",0.918376353796229,"ABCG8"
"7R8A",0.918376353796229,"ABCG8"
"7R8B",0.918376353796229,"ABCG8"
