"identifier","score","Gene"
"8UB5",1,"ACE"
"1J9N",0.976589973982627,"ACE"
"6IMG",0.968894403082702,"ACE"
"6IMH",0.968894403082702,"ACE"
"8UN8",0.965091952891312,"ACE"
"6R9Z",0.961319216247721,"ACE"
"1J36",0.959572984360747,"ACE"
"6LE3",0.950189622750814,"ACE"
"2Z1P",0.949492748262471,"ACE"
"5OJT",0.942889507214749,"ACE"
"8B3A",0.942889507214749,"ACE"
"5LFH",0.928646824634856,"ACE"
"1J37",0.927342556273516,"ACE"
"2X91",0.903790455981249,"ACE"
"4D8I",0.901414392073051,"ACE"
