"identifier","score","Gene"
"1M6H",1,"ADH5"
"1M6W",1,"ADH5"
"8GV3",1,"ADH5"
"1MP0",0.962923881246982,"ADH5"
"2FZE",0.962923881246982,"ADH5"
"2FZW",0.962923881246982,"ADH5"
"1MA0",0.928498736166466,"ADH5"
"1MC5",0.928498736166466,"ADH5"
"3QJ5",0.928498736166466,"ADH5"
