"identifier","score","Gene"
"8FH5",1,"AKR1B1"
"4JIR",0.966196483982659,"AKR1B1"
"8FH6",0.966196483982659,"AKR1B1"
"8FH7",0.966196483982659,"AKR1B1"
"8FH8",0.966196483982659,"AKR1B1"
"8FH9",0.966196483982659,"AKR1B1"
