"identifier","score","Gene"
"4DBS",1,"AKR1C3"
"4DBU",1,"AKR1C3"
"1RY8",0.939603306236619,"AKR1C3"
"5HNU",0.939603306236619,"AKR1C3"
"1RY0",0.905547214794384,"AKR1C3"
"4DBW",0.905547214794384,"AKR1C3"
"5HNT",0.905547214794384,"AKR1C3"
"6F2U",0.905547214794384,"AKR1C3"
"6F78",0.905547214794384,"AKR1C3"
