"identifier","score","Gene"
"3G1R",1,"AKR1D1"
"3CAQ",0.945328227589633,"AKR1D1"
"3CAS",0.915889511745806,"AKR1D1"
"3CMF",0.915889511745806,"AKR1D1"
