"identifier","score","Gene"
"2HDJ",1,"AKR1C2"
"4JQ2",0.953527432645589,"AKR1C2"
"4JQ3",0.953527432645589,"AKR1C2"
"4JTQ",0.953527432645589,"AKR1C2"
"4XO7",0.953527432645589,"AKR1C2"
"4JQA",0.91118248377226,"AKR1C2"
"4JTR",0.91118248377226,"AKR1C2"
"4L1W",0.91118248377226,"AKR1C2"
"4L1X",0.91118248377226,"AKR1C2"
"4XO6",0.91118248377226,"AKR1C2"
