"identifier","score","Gene"
"7FCV",1,"AKT1"
"7WSW",1,"AKT1"
"7WM2",0.972623974683124,"AKT1"
"7XUF",0.951804963701269,"AKT1"
"7T4X",0.935856138059158,"AKT1"
"5AAR",0.911028094833654,"AKT1"
