"identifier","score","Gene"
"5Y82",1,"ALB"
"5Y83",0.990864247377879,"ALB"
"6Y86",0.990864247377879,"ALB"
"5M5H",0.973084530485639,"ALB"
"3BLC",0.964431896278332,"ALB"
"3WVF",0.964431896278332,"ALB"
"5ORI",0.961219334063231,"ALB"
"5GHK",0.93975197929132,"ALB"
"5YXE",0.93975197929132,"ALB"
"3BS6",0.931307017749686,"ALB"
"6AL2",0.931307017749686,"ALB"
"8KFO",0.919827430618735,"ALB"
"8WDD",0.919827430618735,"ALB"
"6QS9",0.900730104633967,"ALB"
