"identifier","score","Gene"
"6B5I",1,"ALDH1A2"
"6ALJ",0.975069562645777,"ALDH1A2"
"6B5G",0.975069562645777,"ALDH1A2"
"6B5H",0.975069562645777,"ALDH1A2"
