"identifier","score","Gene"
"2VJY",1,"ALK"
"7MZZ",0.964166397132301,"ALK"
"7MZX",0.936118643688441,"ALK"
"3AOX",0.900546339211304,"ALK"
"4CLI",0.900546339211304,"ALK"
"4CLJ",0.900546339211304,"ALK"
"4TT7",0.900546339211304,"ALK"
