"identifier","score","Gene"
"4NRP",1,"ALKBH5"
"4NRQ",1,"ALKBH5"
"4NRM",0.982387215728233,"ALKBH5"
"4NRO",0.982387215728233,"ALKBH5"
"4NPL",0.979600872717662,"ALKBH5"
"4O7X",0.979600872717662,"ALKBH5"
"4NPM",0.960850454974605,"ALKBH5"
"4OCT",0.960850454974605,"ALKBH5"
"7WKV",0.960850454974605,"ALKBH5"
"4NJ4",0.942804412383238,"ALKBH5"
"7V4G",0.942804412383238,"ALKBH5"
"4O61",0.925423658171181,"ALKBH5"
"7WL0",0.925423658171181,"ALKBH5"
