"identifier","score","Gene"
"3O8Y",1,"ALOX5"
"3V98",1,"ALOX5"
"6N2W",1,"ALOX5"
"7TTJ",1,"ALOX5"
"7TTK",1,"ALOX5"
"3V92",0.923034545642521,"ALOX5"
"3V99",0.923034545642521,"ALOX5"
"6NCF",0.923034545642521,"ALOX5"
"7TTL",0.923034545642521,"ALOX5"
