"identifier","score","Gene"
"6HGU",1,"APP"
"2YWY",0.936024814939874,"APP"
"5Z6E",0.923312162572789,"APP"
"6IP7",0.917991401561268,"APP"
"6ISW",0.917991401561268,"APP"
"5Z6D",0.910344513895576,"APP"
