"identifier","score","Gene"
"7Q38",1,"AR"
"6QAR",0.965959156262723,"AR"
"6R1Q",0.926861879156562,"AR"
"6Q8R",0.909066697751318,"AR"
"1B0S",0.900415429953993,"AR"
