"identifier","score","Gene"
"5K1Y",1,"ASPA"
"2I3C",0.976198732747774,"ASPA"
"2O53",0.968785259478727,"ASPA"
"2GU2",0.966185339219164,"ASPA"
"2O4H",0.957703845446797,"ASPA"
"4TNU",0.947015463437577,"ASPA"
"2Q51",0.946872993059717,"ASPA"
"5K5O",0.937260331042189,"ASPA"
"5K5Q",0.926884464700532,"ASPA"
"5KK1",0.926884464700532,"ASPA"
"5K5R",0.916735822794783,"ASPA"
"1YW4",0.914360679846918,"ASPA"
