"identifier","score","Gene"
"1FGX",1,"B4GALT1"
"6FWU",0.985994375865043,"B4GALT1"
"1FR8",0.984183082309762,"B4GALT1"
"1TVY",0.968858644515735,"B4GALT1"
"4KRV",0.968858644515735,"B4GALT1"
"6FWT",0.96416833093728,"B4GALT1"
"1TW1",0.939598382887002,"B4GALT1"
"1TW5",0.939598382887002,"B4GALT1"
