"identifier","score","Gene"
"8OYD",1,"BDNF"
"4ASZ",0.926585785139416,"BDNF"
"4AT3",0.926585785139416,"BDNF"
"4AT4",0.926585785139416,"BDNF"
"4AT5",0.926585785139416,"BDNF"
