"identifier","score","Gene"
"4LMF",1,"C1S"
"1NZI",0.981642259002656,"C1S"
"4J1Y",0.971709579576765,"C1S"
"4LOS",0.970066958794879,"C1S"
"4LOT",0.970066958794879,"C1S"
"1ELV",0.963157077694542,"C1S"
"8GMN",0.951510545813463,"C1S"
"8TYP",0.947576247783208,"C1S"
"4LOR",0.94649607106734,"C1S"
"5UBM",0.934977081694553,"C1S"
"8W18",0.915100941004129,"C1S"
