"identifier","score","Gene"
"9EYJ",1,"CA4"
"6O6V",0.999697416167915,"CA4"
"8RDF",0.982448676233577,"CA4"
"6O6X",0.97629140582056,"CA4"
"8Q3Z",0.97629140582056,"CA4"
"8RDA",0.975796947196903,"CA4"
"8B0R",0.967119780344077,"CA4"
"6W11",0.949283880581013,"CA4"
"8Q40",0.949283880581013,"CA4"
"8Q41",0.949283880581013,"CA4"
"8Q42",0.949283880581013,"CA4"
"8Q43",0.949283880581013,"CA4"
"8Q44",0.949283880581013,"CA4"
"6O6Y",0.922048830255377,"CA4"
"8BAO",0.901854947981627,"CA4"
