"identifier","score","Gene"
"2LR8",1,"CASP8"
"2BBR",0.93834648461012,"CASP8"
"2F1S",0.93834648461012,"CASP8"
"2BBZ",0.922504164594676,"CASP8"
"6ANO",0.922504164594676,"CASP8"
"6AP0",0.922504164594676,"CASP8"
"6AOZ",0.907187781922233,"CASP8"
