"identifier","score","Gene"
"6GU4",1,"CCNB1"
"4Y72",0.913016690863333,"CCNB1"
"4YC3",0.913016690863333,"CCNB1"
"5HQ0",0.913016690863333,"CCNB1"
"5LQF",0.913016690863333,"CCNB1"
"6GU2",0.913016690863333,"CCNB1"
"6GU3",0.913016690863333,"CCNB1"
