"identifier","score","Gene"
"3GH3",1,"CD38"
"3GC6",0.989171528138922,"CD38"
"3GHH",0.98379485617679,"CD38"
"5BNI",0.968492364146439,"CD38"
"5BNF",0.967228853679012,"CD38"
"3P5S",0.957765445264353,"CD38"
"3KOU",0.94168641854385,"CD38"
