"identifier","score","Gene"
"1JOW",1,"CDK6"
"8I0M",0.985249613330469,"CDK6"
"2EUF",0.902821558099965,"CDK6"
"3NUP",0.900643402098898,"CDK6"
"3NUX",0.900643402098898,"CDK6"
"4EZ5",0.900643402098898,"CDK6"
"6OQL",0.900643402098898,"CDK6"
"6OQO",0.900643402098898,"CDK6"
