"identifier","score","Gene"
"7KPW",1,"CKM"
"6B38",0.981964057782345,"CKM"
"7KPV",0.953307662599823,"CKM"
"7KPX",0.953307662599823,"CKM"
