"identifier","score","Gene"
"5K09",1,"COMT"
"6AW7",0.959241088635591,"COMT"
"6AW9",0.959241088635591,"COMT"
"6AW8",0.948141904631599,"COMT"
"6AW6",0.941219418953187,"COMT"
"6AW5",0.927021967734725,"COMT"
"6AW4",0.913246398329321,"COMT"
