"identifier","score","Gene"
"7VUW",1,"COX5A"
"7VVR",1,"COX5A"
"7W3E",1,"COX5A"
"8C8Q",0.931965810312313,"COX5A"
"1OCC",0.927339200940388,"COX5A"
"1OCO",0.927339200940388,"COX5A"
"1OCR",0.927339200940388,"COX5A"
"1OCZ",0.927339200940388,"COX5A"
