"identifier","score","Gene"
"5W1G",1,"CR1"
"8J2N",0.921027576511085,"CR1"
"2NYY",0.902864699112227,"CR1"
