"identifier","score","Gene"
"6QJB",1,"CXCL8"
"8IC0",0.970557790157535,"CXCL8"
"6LFM",0.920621105603712,"CXCL8"
"6LFO",0.920621105603712,"CXCL8"
"6XMN",0.907358179294701,"CXCL8"
