"identifier","score","Gene"
"6UDL",1,"CYP1A1"
"4I8V",0.929868968658551,"CYP1A1"
"6O5Y",0.929868968658551,"CYP1A1"
"6UDM",0.929868968658551,"CYP1A1"
