"identifier","score","Gene"
"4WNT",1,"CYP2D6"
"4WNW",1,"CYP2D6"
"4WNV",0.934603593342785,"CYP2D6"
"4XRY",0.934603593342785,"CYP2D6"
"4XRZ",0.934603593342785,"CYP2D6"
"4WNU",0.905011396608294,"CYP2D6"
