"identifier","score","Gene"
"5UDA",1,"CYP2B6"
"5UAP",0.933880834228777,"CYP2B6"
"5UEC",0.933880834228777,"CYP2B6"
"5UFG",0.933880834228777,"CYP2B6"
