"identifier","score","Gene"
"2E2F",1,"DSP"
"1U24",0.962315630201879,"DSP"
"1U26",0.944518815744863,"DSP"
"1U25",0.927368298621281,"DSP"
