"identifier","score","Gene"
"2XKN",1,"EGFR"
"2Z4Q",0.976606886966617,"EGFR"
"8JFQ",0.940555913314286,"EGFR"
"1WT5",0.939214671460028,"EGFR"
"7OM5",0.925697516777471,"EGFR"
