"identifier","score","Gene"
"6EZW",1,"ERBB3"
"6F0D",0.988549328434756,"ERBB3"
"2L9U",0.95598219327893,"ERBB3"
"7D85",0.942612534612328,"ERBB3"
