"identifier","score","Gene"
"6XYE",1,"F2"
"2HN8",0.999188131396827,"F2"
"4NUZ",0.985237873866582,"F2"
"6I1C",0.962172083581909,"F2"
"4NUY",0.96168692485978,"F2"
"4WSG",0.946471547821314,"F2"
"1TUW",0.935558492916028,"F2"
"4GIP",0.92538422390304,"F2"
"8A49",0.90879677438862,"F2"
"6E58",0.90228241921435,"F2"
