"identifier","score","Gene"
"8VL3",1,"F3"
"1Z5H",0.992777489153756,"F3"
"1Z1W",0.986868461836247,"F3"
"5J9B",0.933380130938475,"F3"
"3Q7J",0.929398821879557,"F3"
"5J9C",0.918974868677507,"F3"
"6YXL",0.909762058873956,"F3"
