"identifier","score","Gene"
"8EWW",1,"FAAH"
"3QJ8",0.992875413530148,"FAAH"
"3QKV",0.992875413530148,"FAAH"
"4HBP",0.992875413530148,"FAAH"
"8EY1",0.974422356184684,"FAAH"
"8EY9",0.974422356184684,"FAAH"
"2WAP",0.97384018190844,"FAAH"
"3QJ9",0.937878554711553,"FAAH"
"3QK5",0.937878554711553,"FAAH"
"3K7F",0.904980514535468,"FAAH"
"3K84",0.904980514535468,"FAAH"
"3LJ7",0.904980514535468,"FAAH"
