"identifier","score","Gene"
"7G1M",1,"FABP5"
"7FWF",0.981538073077399,"FABP5"
"4AZN",0.930027607909447,"FABP5"
"4AZO",0.930027607909447,"FABP5"
"4AZP",0.930027607909447,"FABP5"
"4AZQ",0.930027607909447,"FABP5"
"7FYW",0.930027607909447,"FABP5"
"7FY4",0.904157746804746,"FABP5"
"7G0C",0.904157746804746,"FABP5"
"7G1W",0.904157746804746,"FABP5"
