"identifier","score","Gene"
"1BLH",1,"FOS"
"6U2S",0.986339063723031,"FOS"
"1AXB",0.973046414576102,"FOS"
"6U3F",0.973046414576102,"FOS"
"6U3T",0.947507750458123,"FOS"
"2X6A",0.900251409861084,"FOS"
"6U49",0.900251409861084,"FOS"
"6U4P",0.900251409861084,"FOS"
