"identifier","score","Gene"
"8BEJ",1,"GABRA5"
"8BHA",0.941124460072204,"GABRA5"
"8BHB",0.941124460072204,"GABRA5"
"8BHI",0.941124460072204,"GABRA5"
"8BHK",0.941124460072204,"GABRA5"
"8BHM",0.941124460072204,"GABRA5"
"8BHO",0.941124460072204,"GABRA5"
"8BHQ",0.941124460072204,"GABRA5"
"8BHR",0.941124460072204,"GABRA5"
"8BHS",0.941124460072204,"GABRA5"
