"identifier","score","Gene"
"4PD0",1,"GPHN"
"5ERQ",1,"GPHN"
"5ERR",1,"GPHN"
"4U91",0.941127081839015,"GPHN"
"5ERU",0.941127081839015,"GPHN"
"5ERV",0.941127081839015,"GPHN"
"6FGD",0.941127081839015,"GPHN"
"6HSO",0.941127081839015,"GPHN"
