"identifier","score","Gene"
"8T01",1,"HP"
"1P0G",0.97422360280857,"HP"
"1P0J",0.97422360280857,"HP"
"1P0L",0.97422360280857,"HP"
"1P0O",0.97422360280857,"HP"
"1P5K",0.97422360280857,"HP"
"1P5L",0.97422360280857,"HP"
"8R0F",0.967951537291195,"HP"
"1OT0",0.966527609530251,"HP"
"3T9J",0.934012369850626,"HP"
"3GO0",0.931120161529994,"HP"
"3TA8",0.923438343754018,"HP"
"8SK1",0.906633590108016,"HP"
