"identifier","score","Gene"
"6MNC",1,"HSD17B1"
"7X3Z",1,"HSD17B1"
"6CGC",0.933269981808545,"HSD17B1"
"6CGE",0.933269981808545,"HSD17B1"
"6DTP",0.933269981808545,"HSD17B1"
