"identifier","score","Gene"
"3DGJ",1,"IAPP"
"5E5V",0.946890269744446,"IAPP"
"5E5X",0.946890269744446,"IAPP"
"5E5Z",0.946890269744446,"IAPP"
"5E61",0.936938154684786,"IAPP"
