"identifier","score","Gene"
"2J7C",1,"IDE"
"2ZOE",0.989285381741132,"IDE"
"3AH2",0.959094470601436,"IDE"
"3AH4",0.959094470601436,"IDE"
"2ZS6",0.945992341355072,"IDE"
"3AH1",0.945992341355072,"IDE"
"8F9Q",0.945992341355072,"IDE"
"4IOF",0.910345598786776,"IDE"
"8F9P",0.908749384792523,"IDE"
"8F9R",0.908749384792523,"IDE"
