"identifier","score","Gene"
"6MXQ",1,"JUN"
"6NOA",1,"JUN"
"2H7H",0.993529599543945,"JUN"
"7P20",0.991273017538152,"JUN"
"1PXZ",0.968942533686091,"JUN"
"2D0D",0.912090343394685,"JUN"
"8WJB",0.908911249440572,"JUN"
