"identifier","score","Gene"
"4ZG1",1,"KDM5B"
"2MNY",0.966528993417765,"KDM5B"
"2MNZ",0.966528993417765,"KDM5B"
"6EIN",0.945135988177104,"KDM5B"
"6EIU",0.924669573427652,"KDM5B"
"6EIY",0.924669573427652,"KDM5B"
"6EJ0",0.924669573427652,"KDM5B"
"6EJ1",0.924669573427652,"KDM5B"
"6EK6",0.924669573427652,"KDM5B"
"6RBI",0.900447348267385,"KDM5B"
