"identifier","score","Gene"
"3A74",1,"LYN"
"4V36",0.974642917234755,"LYN"
"1CV9",0.961852628078173,"LYN"
