"identifier","score","Gene"
"7S1N",1,"MAPK10"
"3KVX",0.970619326545506,"MAPK10"
"7ORE",0.970619326545506,"MAPK10"
"7ORF",0.916750240306932,"MAPK10"
