"identifier","score","Gene"
"5ID3",1,"MCU"
"6C5R",0.985468491799637,"MCU"
"6X4S",0.980155729105104,"MCU"
"6DT0",0.97411947816155,"MCU"
"6O58",0.968347122313674,"MCU"
"6DNF",0.965119806747279,"MCU"
"6K7X",0.959366659901168,"MCU"
"6D7W",0.951174579640471,"MCU"
"6D80",0.938565902680286,"MCU"
"6XJV",0.938134157497756,"MCU"
"6K7Y",0.933493506595142,"MCU"
"6O5B",0.929042862194113,"MCU"
"6WDO",0.923994655222303,"MCU"
