"identifier","score","Gene"
"1WRJ",1,"MGMT"
"2G7H",1,"MGMT"
"4ZYH",0.972178169779839,"MGMT"
"7CSM",0.945862640989805,"MGMT"
"7D4V",0.945862640989805,"MGMT"
"7DKN",0.945862640989805,"MGMT"
"7DQQ",0.945862640989805,"MGMT"
"7DQR",0.945862640989805,"MGMT"
"7DQT",0.945862640989805,"MGMT"
"1YFH",0.943484698099212,"MGMT"
"4BHC",0.920934118552891,"MGMT"
"4ZYG",0.920934118552891,"MGMT"
"7E1P",0.920934118552891,"MGMT"
