"identifier","score","Gene"
"8P9B",1,"MKNK2"
"8XFM",1,"MKNK2"
"6JLR",0.961493824821706,"MKNK2"
"2HW7",0.925843239562604,"MKNK2"
"6CJ5",0.925843239562604,"MKNK2"
"6CJE",0.925843239562604,"MKNK2"
"6CJH",0.925843239562604,"MKNK2"
"6CJW",0.925843239562604,"MKNK2"
"6CJY",0.925843239562604,"MKNK2"
"6CK3",0.925843239562604,"MKNK2"
"6CK6",0.925843239562604,"MKNK2"
"6CKI",0.925843239562604,"MKNK2"
