"identifier","score","Gene"
"2OW9",1,"MMP13"
"4JP4",0.98863730798054,"MMP13"
"4JPA",0.98863730798054,"MMP13"
"3TVC",0.901124106835905,"MMP13"
