"identifier","score","Gene"
"5D3C",1,"MMP12"
"3LIK",0.971896496184136,"MMP12"
"3LIL",0.971896496184136,"MMP12"
"3LIR",0.971896496184136,"MMP12"
"3LJG",0.971896496184136,"MMP12"
