"identifier","score","Gene"
"6GVB",1,"MPO"
"7YRS",0.906488757054857,"MPO"
"4LXQ",0.905662672489218,"MPO"
"4KOP",0.901799712124801,"MPO"
