"identifier","score","Gene"
"1U36",1,"NFKB1"
"1U3J",1,"NFKB1"
"1U3Y",1,"NFKB1"
"1U3Z",1,"NFKB1"
"1U41",1,"NFKB1"
"1U42",1,"NFKB1"
"1OOA",0.941151818634303,"NFKB1"
"8TKL",0.941151818634303,"NFKB1"
"8TKM",0.941151818634303,"NFKB1"
"8TKN",0.941151818634303,"NFKB1"
"8TQD",0.941151818634303,"NFKB1"
