"identifier","score","Gene"
"1X5C",1,"P4HB"
"2K18",0.941126890942304,"P4HB"
"3BJ5",0.941126890942304,"P4HB"
"4EKZ",0.941126890942304,"P4HB"
"4EL1",0.941126890942304,"P4HB"
"4JU5",0.941126890942304,"P4HB"
"8GDY",0.941126890942304,"P4HB"
