"identifier","score","Gene"
"8JNY",1,"PARP2"
"8HKN",0.976840910698247,"PARP2"
"8HKS",0.976840910698247,"PARP2"
"8HLJ",0.976840910698247,"PARP2"
"8HLQ",0.976840910698247,"PARP2"
"7AEO",0.954730225462354,"PARP2"
"8HKO",0.954730225462354,"PARP2"
"6X0L",0.913381862901663,"PARP2"
