"identifier","score","Gene"
"8GEV",1,"PLAU"
"8GD2",0.975062846434523,"PLAU"
"8GDM",0.975062846434523,"PLAU"
"8GEM",0.975062846434523,"PLAU"
"8GEU",0.975062846434523,"PLAU"
"8GEY",0.975062846434523,"PLAU"
"7JX2",0.913479472665642,"PLAU"
"7K3I",0.913479472665642,"PLAU"
