"identifier","score","Gene"
"6OHS",1,"PLD2"
"6OHQ",0.959954310867893,"PLD2"
"7SVP",0.959954310867893,"PLD2"
"6OHM",0.922992490523786,"PLD2"
"6OHP",0.922992490523786,"PLD2"
