"identifier","score","Gene"
"7TLP",1,"PLG"
"8TQF",0.964739895363756,"PLG"
"8DSK",0.962438199007399,"PLG"
"8FSD",0.962438199007399,"PLG"
"7BXS",0.91723941631632,"PLG"
"7UJH",0.91723941631632,"PLG"
"3WGC",0.909050872984065,"PLG"
