"identifier","score","Gene"
"7SAT",1,"POR"
"3G2E",0.994193108077974,"POR"
"7PVH",0.978907681893959,"POR"
"3ON3",0.930102858358577,"POR"
"6RNV",0.917039911994641,"POR"
"6ZA2",0.917039911994641,"POR"
"7CMG",0.917039911994641,"POR"
"1YXN",0.915023665639224,"POR"
"2RAA",0.904338805270452,"POR"
