"identifier","score","Gene"
"7OKS",1,"PROCR"
"7OKT",0.958283798521502,"PROCR"
"7OKU",0.958283798521502,"PROCR"
"7OKV",0.958283798521502,"PROCR"
"7Q5D",0.958283798521502,"PROCR"
"8C44",0.958283798521502,"PROCR"
