"identifier","score","Gene"
"2H7O",1,"RAC1"
"5CE3",0.949135979154798,"RAC1"
"4CI6",0.932518242438263,"RAC1"
