"identifier","score","Gene"
"7MR2",1,"RORA"
"6SJE",0.952348870580745,"RORA"
"7MR0",0.952348870580745,"RORA"
"7MR1",0.952348870580745,"RORA"
"7MR3",0.952348870580745,"RORA"
"7MR4",0.952348870580745,"RORA"
"5LD2",0.909032177432155,"RORA"
"6SJF",0.909032177432155,"RORA"
"6SJG",0.909032177432155,"RORA"
"6T2U",0.909032177432155,"RORA"
"6T2V",0.909032177432155,"RORA"
