"identifier","score","Gene"
"4UXL",1,"ROS1"
"7Z5X",0.970311701733529,"ROS1"
"7Z5W",0.954719358408785,"ROS1"
"7YHO",0.918047351824023,"ROS1"
"7YHP",0.918047351824023,"ROS1"
"7YHQ",0.918047351824023,"ROS1"
