"identifier","score","Gene"
"6JNR",1,"RXRA"
"4N5G",0.934885176079303,"RXRA"
"4N8R",0.934885176079303,"RXRA"
"6JNO",0.934885176079303,"RXRA"
"7B88",0.905887440765044,"RXRA"
