"identifier","score","Gene"
"7UI5",1,"S100A9"
"6ZDY",0.988431869020802,"S100A9"
"6ZFE",0.988431869020802,"S100A9"
"5I8N",0.944154603216769,"S100A9"
"7YF3",0.944154603216769,"S100A9"
