"identifier","score","Gene"
"5AYQ",1,"SCN4B"
"4MZ2",0.925843319271686,"SCN4B"
"5XAX",0.925843319271686,"SCN4B"
"6VSV",0.925843319271686,"SCN4B"
