"identifier","score","Gene"
"6ACE",1,"SIRT5"
"6ACL",1,"SIRT5"
"6ACP",0.975398157512902,"SIRT5"
"5BWL",0.958265643924309,"SIRT5"
"7X3P",0.958265643924309,"SIRT5"
"8GBL",0.958265643924309,"SIRT5"
"8GBN",0.958265643924309,"SIRT5"
"6ACO",0.9519777503725,"SIRT5"
"4G1C",0.92473958353393,"SIRT5"
