"identifier","score","Gene"
"6M23",1,"SLC12A5"
"6M1Y",0.966193353557782,"SLC12A5"
"6M22",0.966193353557782,"SLC12A5"
