"identifier","score","Gene"
"6DZV",1,"SLC6A4"
"6DZZ",1,"SLC6A4"
"6W2C",1,"SLC6A4"
"7LI6",1,"SLC6A4"
"7LI7",1,"SLC6A4"
"7LI8",1,"SLC6A4"
"7LI9",1,"SLC6A4"
"7LIA",1,"SLC6A4"
"7TXT",1,"SLC6A4"
"5I6Z",0.91661693973632,"SLC6A4"
"5I74",0.91661693973632,"SLC6A4"
"5I75",0.91661693973632,"SLC6A4"
"6DZY",0.91661693973632,"SLC6A4"
"6VRL",0.91661693973632,"SLC6A4"
"6W2B",0.91661693973632,"SLC6A4"
"7LWD",0.91661693973632,"SLC6A4"
"7MGW",0.91661693973632,"SLC6A4"
