"identifier","score","Gene"
"5US3",1,"SP1"
"7ALU",1,"SP1"
"8S7Z",0.988211824905916,"SP1"
"6DM7",0.98242129240181,"SP1"
"6DVT",0.98242129240181,"SP1"
"6DXM",0.98242129240181,"SP1"
"6ED9",0.98242129240181,"SP1"
"7UNJ",0.928042295006999,"SP1"
"1ZJE",0.919756316590435,"SP1"
"1ZJF",0.9147382563322,"SP1"
"1ZJG",0.900007340539437,"SP1"
