"identifier","score","Gene"
"2XF5",1,"SPP1"
"2XF7",1,"SPP1"
"2XF6",0.982447674988299,"SPP1"
"2KCA",0.97124940871829,"SPP1"
"5A20",0.966044935917746,"SPP1"
"5A21",0.966044935917746,"SPP1"
"2LFP",0.956026149200458,"SPP1"
"2XC8",0.950608889594089,"SPP1"
"2KBZ",0.942597152994111,"SPP1"
"4AN5",0.932891080313341,"SPP1"
"2JES",0.914468557740182,"SPP1"
"1NO1",0.901615796958213,"SPP1"
"2X8K",0.901615796958213,"SPP1"
