"identifier","score","Gene"
"4ZIA",1,"STAT3"
"6NJS",0.971732517677955,"STAT3"
"6NUQ",0.971732517677955,"STAT3"
"3CWG",0.923851954977998,"STAT3"
"6TLC",0.923851954977998,"STAT3"
