"identifier","score","Gene"
"3DB1",1,"STS"
"5WDI",0.98514000841924,"STS"
"3D4I",0.965324498927799,"STS"
"3D6A",0.948746754879479,"STS"
"1LGV",0.931084560647019,"STS"
"1LHZ",0.931084560647019,"STS"
