"identifier","score","Gene"
"1T11",1,"TF"
"1W26",1,"TF"
"1FGN",0.995391855438646,"TF"
"6C9L",0.975111760059542,"TF"
"1ZXJ",0.969919648835005,"TF"
"3PQS",0.959527469434776,"TF"
"6XN9",0.951233317399371,"TF"
"3HOL",0.930244618744023,"TF"
"1Y2X",0.929645239667046,"TF"
"4O3W",0.929645239667046,"TF"
"5OWI",0.910736715385273,"TF"
"5OWJ",0.910736715385273,"TF"
"6D6S",0.910736715385273,"TF"
