"identifier","score","Gene"
"3UAF",1,"TTR"
"3D7P",0.950598105071262,"TTR"
"2G5U",0.943318801679216,"TTR"
"2G9K",0.943318801679216,"TTR"
"2GAB",0.943318801679216,"TTR"
"3TFB",0.921012735395577,"TTR"
"5CLZ",0.921012735395577,"TTR"
"5CM1",0.921012735395577,"TTR"
"3GLZ",0.912823030806573,"TTR"
"5CLX",0.912823030806573,"TTR"
"5CLY",0.912823030806573,"TTR"
"5E23",0.912823030806573,"TTR"
"7KJJ",0.90915720768026,"TTR"
