"identifier","score","Gene"
"1KB2",1,"VDR"
"1KB4",1,"VDR"
"1KB6",1,"VDR"
"8PWD",0.927892068572322,"VDR"
"8PWE",0.927892068572322,"VDR"
"8PWF",0.927892068572322,"VDR"
"8PWM",0.927892068572322,"VDR"
"5V39",0.915533210919035,"VDR"
"6XZH",0.905097676729294,"VDR"
"6XZI",0.905097676729294,"VDR"
"6XZJ",0.905097676729294,"VDR"
"6XZK",0.905097676729294,"VDR"
"6XZV",0.905097676729294,"VDR"
