"identifier","score","Gene"
"2KUL",1,"VRK1"
"2RSV",0.971301610261865,"VRK1"
"2LAV",0.910653187015044,"VRK1"
"6VZH",0.905338974976664,"VRK1"
