"identifier","score","Gene"
"3K77",1,"XRCC1"
"1XNT",0.9697394351296,"XRCC1"
"1XNA",0.961958912102748,"XRCC1"
"3PC6",0.943572849749289,"XRCC1"
"1CDZ",0.931142036488691,"XRCC1"
"6WH2",0.919537269755816,"XRCC1"
"2D8M",0.905799901261666,"XRCC1"
