Pose,minimizedAffinity,CNNaffinity
1,-9.6809864,
2,-9.54333115,
3,-9.41124439,
4,-9.28496933,
5,-9.14997768,
6,-9.14446163,
7,-8.8446846,
8,-8.80879402,
9,-8.56024742,
