Pose,minimizedAffinity,CNNaffinity
1,-9.22910881,
2,-9.21479702,
3,-9.19155407,
4,-9.02365208,
5,-8.9708147,
6,-8.96900558,
7,-8.90229321,
8,-8.89207649,
9,-8.81591606,
