{
  "network_stats": {
    "total_nodes": 186,
    "total_edges": 277,
    "density": 0.0161,
    "average_clustering": 0.0,
    "connected_components": 1
  },
  "degree_centrality": {
    "top_acupoints": [
      [
        "足三里",
        0.7135135135135136
      ],
      [
        "四白",
        0.11891891891891893
      ],
      [
        "三阴交",
        0.11351351351351352
      ],
      [
        "百会",
        0.0972972972972973
      ],
      [
        "关元",
        0.05945945945945946
      ],
      [
        "内关",
        0.05405405405405406
      ],
      [
        "上关",
        0.05405405405405406
      ],
      [
        "阳陵泉",
        0.04864864864864865
      ],
      [
        "天枢",
        0.03783783783783784
      ],
      [
        "长强",
        0.032432432432432434
      ]
    ],
    "top_genes": [
      [
        "IL6",
        0.05945945945945946
      ],
      [
        "TNF",
        0.05945945945945946
      ],
      [
        "NLRP3",
        0.032432432432432434
      ],
      [
        "VIP",
        0.02702702702702703
      ],
      [
        "CA1",
        0.021621621621621623
      ],
      [
        "GSDMD",
        0.021621621621621623
      ],
      [
        "MAP1LC3A/B/C",
        0.021621621621621623
      ],
      [
        "BECN1",
        0.016216216216216217
      ],
      [
        "NEUN",
        0.016216216216216217
      ],
      [
        "NEUROPATHIC",
        0.016216216216216217
      ],
      [
        "IL10",
        0.016216216216216217
      ],
      [
        "FSH",
        0.016216216216216217
      ],
      [
        "BB",
        0.016216216216216217
      ],
      [
        "BCL2",
        0.016216216216216217
      ],
      [
        "SN",
        0.016216216216216217
      ]
    ]
  },
  "betweenness_centrality": {
    "top_acupoints": [
      [
        "足三里",
        0.8380745832376266
      ],
      [
        "四白",
        0.13200893488936982
      ],
      [
        "百会",
        0.1135933266943493
      ],
      [
        "内关",
        0.050232330254708565
      ],
      [
        "长强",
        0.043174044913175356
      ],
      [
        "关元",
        0.03978189172562559
      ],
      [
        "阳陵泉",
        0.03369288601385791
      ],
      [
        "上关",
        0.030243568958402717
      ],
      [
        "三阴交",
        0.02624158319810493
      ],
      [
        "太冲",
        0.02404384197862458
      ]
    ],
    "top_genes": [
      [
        "IL6",
        0.05665961876959313
      ],
      [
        "TNF",
        0.04664823736434998
      ],
      [
        "IBA1",
        0.04523559744787368
      ],
      [
        "BCL2",
        0.039720883979195855
      ],
      [
        "VIP",
        0.035188994645516385
      ],
      [
        "PS1",
        0.03131753842111902
      ],
      [
        "APP",
        0.03131753842111902
      ],
      [
        "GOVERNOR",
        0.024299064318245907
      ],
      [
        "GUT",
        0.023489899087725162
      ],
      [
        "BAX",
        0.023489899087725162
      ],
      [
        "MLST",
        0.023489899087725162
      ],
      [
        "PKM2",
        0.021504112808460634
      ],
      [
        "NEUN",
        0.021415981198589895
      ],
      [
        "GSDMD",
        0.0209140314958729
      ],
      [
        "NLRP3",
        0.0170551999899826
      ]
    ]
  },
  "closeness_centrality": {},
  "eigenvector_centrality": {},
  "weighted_degree": [
    [
      "足三里",
      347
    ],
    [
      "TNF",
      54
    ],
    [
      "四白",
      53
    ],
    [
      "三阴交",
      52
    ],
    [
      "百会",
      41
    ],
    [
      "IL6",
      40
    ],
    [
      "上关",
      23
    ],
    [
      "关元",
      23
    ],
    [
      "内关",
      22
    ],
    [
      "阳陵泉",
      20
    ],
    [
      "NLRP3",
      18
    ],
    [
      "天枢",
      17
    ],
    [
      "太冲",
      13
    ],
    [
      "五处",
      12
    ],
    [
      "秩边",
      12
    ],
    [
      "长强",
      12
    ],
    [
      "MAP1LC3A/B/C",
      11
    ],
    [
      "VIP",
      11
    ],
    [
      "BECN1",
      9
    ],
    [
      "GSDMD",
      9
    ]
  ]
}