pmid,title,abstract,year,journal,journal_abbr,authors,full_authors,first_author,affiliations,mesh,other_terms,keywords,publication_types,doi,volume,issue,issn,pages,source_database,wos_id
12640051,False localising signs.,"Neurological signs have been described as ""false localising"" if they reflect dysfunction distant or remote from the expected anatomical locus of pathology, hence challenging the traditional clinicoanatomical correlation paradigm on which neurological examination is based. False localising signs occur in two major contexts: as a consequence of raised intracranial pressure, and with spinal cord lesions. Cranial nerve palsies (especially sixth nerve palsy), hemiparesis, sensory features (such as truncal sensory levels), and muscle atrophy, may all occur as false localising signs. Awareness that signs may be false localising has implications for diagnostic investigation.",2003,"Journal of neurology, neurosurgery, and psychiatry",J Neurol Neurosurg Psychiatry,Larner AJ,"Larner, A J",Larner AJ,"Walton Centre for Neorology and Neurosurgery, Lower Lane, Fazkerley, Liverpool L9 7IJ, UK. a.larner@thewaltoncentre.njs.uk","Diagnosis, Differential; Humans; Nervous System Diseases/*complications/*diagnosis/physiopathology",,"Diagnosis, Differential; Humans; Nervous System Diseases",Journal Article; Review,10.1136/jnnp.74.4.415,74,4,0022-3050 (Print); 1468-330X (Electronic); 0022-3050 (Linking),415-8,PubMed,
30725793,Uncal Herniation.,"Uncal herniation represents a catastrophic manifestation of intracranial hypertension and reflects terminal failure of intracranial compensatory mechanisms (see Image. Brain Herniation). The uncus, which forms the anteromedial aspect of the parahippocampal gyrus within the temporal lobe, resides in the supratentorial compartment of the cranial vault, specifically within the temporal fossa. Inferior to the tentorium cerebelli lies the subtentorial compartment, which communicates with the supratentorial space through the tentorial notch (incisura). Critical neurovascular structures traverse this confined aperture, including the midbrain, cranial nerve III, the posterior cerebral arteries, and the superior cerebellar arteries. The cerebellum occupies the posterior aspect of the notch. When intracranial pressure rises beyond the limits of autoregulatory compliance, brain tissue may shift across rigid dural partitions; uncal herniation occurs when the medial anterior temporal lobe is displaced through the tentorial incisura into the suprasellar cistern. This process constitutes a life-threatening neurological emergency and signifies exhaustion of adaptive intracranial buffering capacity. Uncal herniation is the most common clinically recognizable herniation syndrome. Here, there is a passive horizontal distortion (the mesencephalon is twisted) rather than a vertical displacement of the brain. Clinically, an uncal herniation is characterized by a predictable pattern of neuroanatomic compression, including ipsilateral third nerve palsy, contralateral motor deficits from compression of the cerebral peduncle, and progressive brainstem dysfunction. This condition most commonly arises in the setting of space-occupying lesions, traumatic brain injury, intracranial hemorrhage, or malignant cerebral edema. Rapid recognition is essential, as delays in diagnosis and intervention are associated with irreversible brainstem ischemia and high mortality.  The conceptual evolution of uncal herniation reflects more than a century of clinicopathologic correlation. Jonathan Hutchinson first described unilateral pupillary dilation (Hutchinson pupil), initially attributed to midbrain involvement. Macewen linked pupillary changes to irritation, paralysis, or vascular compromise of the oculomotor nerve, while Bergmann incorrectly localized the phenomenon to the frontal lobe. Ropper later identified acute angulation of the third nerve over the clivus at autopsy. Hill demonstrated transtentorial pressure gradients and tamponade effects at the foramen magnum and tentorial notch in animal models. Adolf Meyer described posterior cerebral artery compression with hemianopia as a false localizing sign. Kernohan and Woltman subsequently reported ipsilateral hemiplegia due to notching of the crus cerebri against the contralateral tentorial margin, now known as the Kernohan–Woltman phenomenon. Jefferson characterized “tentorial and temporal pressure cones,” while Reid and Cone demonstrated hippocampal extrusion compressing the oculomotor nerve in primate studies. McNealy and Plum further delineated central and uncal herniation patterns. Finally, Miller Fisher and Allan Ropper challenged the notion of an active process, emphasizing a passive mechanical distortion with widening of the ischial space of Bichat instead. Together, these observations established the modern understanding of uncal herniation as a biomechanical and vascular consequence of intracranial compartment failure, demanding immediate recognition and intervention in contemporary neurocritical care practice.",2026,,,Hall WA; Munakomi S,"Hall, Walter A; Munakomi, Sunil",Hall WA,SUNY Upstate Medical University | Kathmandu University,,,,Study Guide; Book Chapter,,,,,,PubMed,
17183979,Cerebral venous thrombosis--clinical presentations.,"Cerebral venous thrombosis (CVT) is an under diagnosed condition for acute or slowly progressive neurological deficit. CVT is less frequent than arterial thrombosis. CVT has a wide spectrum of signs and symptoms, which may evolve suddenly or over the weeks. It is clinically challenging and mimics many neurological conditions such as, meningitis, encephalopathy, benign intracranial hypertension, and stroke. With increasing awareness, CVT cases are now being diagnosed more frequently. Newer imaging procedures have led to easier recognition of venous sinus thrombosis, offering the opportunity for early therapeutic measures. It may be difficult to diagnose it on clinical grounds alone. Headache is the most frequent symptom in patients with CVT, present in about 80% of cases. Most common pattern of presentation is with a benign intracranial hypertension-like syndrome. The prognosis of CVT is worse in elderly subjects. The shorter the history the more likely is the presence of focal signs. Sixth cranial nerve palsy usually manifests as false localizing sign. Subarachnoid haemorrhage (SAH) has been described, as the presenting event with CVT. Patients may have seizures that can be recurrent. Cranial nerve syndromes are seen with venous sinus thrombosis. Psychiatric disturbances are sometimes the presenting symptoms. CVT, an important cause of stroke in puerperium, is frequently observed in India. We have seen 6 patients of CVT out of 490 stroke registry. Of these 6, four were females and two were males. The mean age among females was 27.75 years and among males was 41.5 years. Of the 4 females two were postpartum; one was on oral contraceptive and in one Antiphospholipid antibodies (APLA) were positive. Amongst two males one had hyperhomocysteinemia and one had hyperlipidemia.",2006,JPMA. The Journal of the Pakistan Medical Association,J Pak Med Assoc,Mehndiratta MM; Garg S; Gurnani M,"Mehndiratta, Man Mohan; Garg, Siddhartha; Gurnani, Mayank",Mehndiratta MM,"Department of Neurology, G.B. Pant Hospital, New Delhi-110002, India.","Cerebral Veins/*pathology; Humans; Intracranial Thrombosis/*diagnosis; Magnetic Resonance Angiography; Phlebography; Prognosis; Sinus Thrombosis, Intracranial/*diagnosis; Venous Thrombosis/*diagnosis",,"Cerebral Veins; Humans; Intracranial Thrombosis; Magnetic Resonance Angiography; Phlebography; Prognosis; Sinus Thrombosis, Intracranial; Venous Thrombosis",Journal Article; Review,,56,11,0030-9982 (Print); 0030-9982 (Linking),513-6,PubMed,
8484169,Peripapillary hemorrhage.,"On routine examination, a 61-year-old man was found to have a deep peripapillary hemorrhage surrounding his left optic nerve head. Further examination revealed a left sixth nerve paresis, a subtle right homonymous quadrantanopia, and jerky pursuit to the left. The diagnostic work-up was delayed by the patient because of business commitments. He returned confused and obtunded. Neuro-imaging showed a large frontal mass, which turned out to be an anaplastic astrocytoma. Diagnosis of the lesion had been obscured by three false localizing signs. Discussion deals with the definition of Terson's syndrome and the occurrence of peripapillary hemorrhages. Other causes of peripapillary hemorrhages are illustrated.",1993,Survey of ophthalmology,Surv Ophthalmol,Winterkorn JM,"Winterkorn, J M",Winterkorn JM,"Department of Ophthalmology, North Shore University Hospital-Cornell University Medical College, Manhasset, New York.","Astrocytoma/complications/diagnosis; Brain Neoplasms/complications/diagnosis; Cerebral Cortex; Fluorescein Angiography; Fundus Oculi; Humans; Male; Middle Aged; Optic Disk/pathology; Papilledema/diagnosis/*etiology; Retinal Hemorrhage/diagnosis/*etiology; Tomography, X-Ray Computed",,"Astrocytoma; Brain Neoplasms; Cerebral Cortex; Fluorescein Angiography; Fundus Oculi; Humans; Male; Middle Aged; Optic Disk; Papilledema; Retinal Hemorrhage; Tomography, X-Ray Computed",Case Reports; Journal Article,10.1016/0039-6257(93)90066-g,37,5,0039-6257 (Print); 0039-6257 (Linking),362-72,PubMed,
34397012,Kernohan-Woltman phenomenon: A false localizing sign.,,2021,The National medical journal of India,Natl Med J India,Bhoil R; Ahluwalia AK; Surya M; Bhoil S,"Bhoil, Rohit; Ahluwalia, Ajay Kumar; Surya, Mukesh; Bhoil, Sabina",Bhoil R,"Department of Radiodiagnosis, Shri Lal Bahadur Shastri Medical College, Mandi, Himachal Pradesh, India. | Department of Radiodiagnosis, Shri Lal Bahadur Shastri Medical College, Mandi, Himachal Pradesh, India. | Department of Radiodiagnosis, Shri Lal Bahadur Shastri Medical College, Mandi, Himachal Pradesh, India. | Department of Cardiac Anaesthesia, Indira Gandhi Medical College, Shimla, Himachal Pradesh, India.","Humans; *Paresis; *Tomography, X-Ray Computed",,"Humans; Paresis; Tomography, X-Ray Computed",Journal Article,10.4103/0970-258x.323452,34,1,2583-150X (Electronic); 0970-258X (Linking),56,PubMed,
12441839,False and non-localizing signs in neuro-ophthalmology.,"The absolute reliance on abnormal neuro-ophthalmologic findings as signposts for particular lesions of the neuraxis must be tempered by a working knowledge of false and nonlocalizing signs and symptoms. Transient monocular visual loss or complex visual hallucinations may lead to neuroanatomic ambiguity, and elevated intracranial pressure is not the most common cause of swollen optic disks in late life. Sixth nerve palsy associated with increased intracranial pressure is possibly the best-known false localizing sign, but other ocular motility disturbances (divergence paresis, convergence insufficiency, and skew deviation) also elude localization. Lastly, the localizing pitfalls of anisocoria--Horner and Raeder syndromes, physiologic anisocoria, pupil-involving third nerve palsy, and benign pupillary dilation--are discussed.",2002,Current opinion in ophthalmology,Curr Opin Ophthalmol,Lepore FE,"Lepore, Frederick E",Lepore FE,"Department of Neurology, UMDNJ/Robert Wood Johnson Medical School, 97 Paterson Street, New Brunswick, NJ 08901, USA. leporefe@umdnj.edu",Brain Diseases/*complications/diagnosis/physiopathology; Diagnostic Errors; Humans; Intracranial Pressure; *Neurology; *Ophthalmology; Optic Nerve Diseases/*etiology; Vision Disorders/etiology,,Brain Diseases; Diagnostic Errors; Humans; Intracranial Pressure; Neurology; Ophthalmology; Optic Nerve Diseases; Vision Disorders,Journal Article; Review,10.1097/00055735-200212000-00005,13,6,1040-8738 (Print); 1040-8738 (Linking),371-4,PubMed,
32924623,"Chameleons, red herrings, and false localizing signs in neurocritical care.","False localizing signs (FLS) and other misleading neurological signs have long been an intractable aspect of neurocritical care. Because they suggest an incorrect location or etiology of the pathological lesion, they have often led to misdiagnosis and mismanagement of the patient. Here, we reviewed the existing literature to provide an updated, comprehensive descriptive review of these difficult to diagnose signs in neurocritical care. For each sign presented, we discuss the non-false localizing presentation of symptoms, the common FLS or misleading presentation, etiology/pathogenesis of the sign, and diagnosis, as well as any other clinically relevant considerations. Within cranial neuropathies, we cover cranial nerves III, IV, V, VI, VII, VIII, as well as multiple cranial nerve involvement of IX, X, and XII. FLS ophthalmologic symptoms indicate diagnostically challenging neurological deficits, and here we discuss downbeat nystagmus, ping-pong-gaze, one-and-a-half syndrome, and wall-eyed bilateral nuclear ophthalmoplegia (WEBINO). Cranial herniation syndromes are integral to any discussion of FLS and here we cover Kernohan's notch phenomenon, pseudo-Dandy Walker malformation, and uncal herniation. FLS in the spinal cord have also been relatively well documented, but in addition to compressive lesions, we also discuss newer findings in radiculopathy and disc herniation. Finally, pulmonary syndromes may sometimes be overlooked in discussions of neurological signs but are critically important to recognize and manage in neurocritical care, and here we discuss Cheyne-Stokes respiration, cluster breathing, central neurogenic hyperventilation, ataxic breathing, Ondine's curse, and hypercapnia. Though some of these signs may be rare, the framework for diagnosing and treating them must continue to evolve with our growing understanding of their etiology and varied presentations.",2022,British journal of neurosurgery,Br J Neurosurg,Li B; Sursal T; Bowers C; Cole C; Gandhi C; Schmidt M; Mayer S; Al-Mufti F,"Li, Boyi; Sursal, Tolga; Bowers, Christian; Cole, Chad; Gandhi, Chirag; Schmidt, Meic; Mayer, Stephan; Al-Mufti, Fawaz",Li B,"School of Medicine, New York Medical College, Valhalla, NY, USA. | Department of Neurosurgery, Westchester Medical Center, Valhalla, NY, USA. | Department of Neurosurgery, University of New Mexico, Albuquerque, NM, USA. | Department of Neurosurgery, University of New Mexico, Albuquerque, NM, USA. | Department of Neurosurgery, Westchester Medical Center, Valhalla, NY, USA. | Department of Neurosurgery, University of New Mexico, Albuquerque, NM, USA. | Department of Neurosurgery, Westchester Medical Center, Valhalla, NY, USA. | Department of Neurosurgery, Westchester Medical Center, Valhalla, NY, USA.",*Cranial Nerve Diseases/diagnosis; Humans; Paralysis; Spinal Cord,Neurointensive care; cranial neuropathies; false localizing signs; herniation syndromes; ophthalmologic syndromes,Cranial Nerve Diseases; Humans; Paralysis; Spinal Cord; Neurointensive care; cranial neuropathies; false localizing signs; herniation syndromes; ophthalmologic syndromes,Journal Article; Review,10.1080/02688697.2020.1820945,36,3,1360-046X (Electronic); 0268-8697 (Linking),298-306,PubMed,
33347647,Pyramidal weakness: Is it time to retire the term?,"Pyramidal weakness, that is, the weakness that preferentially spares the antigravity muscles, is considered an integral part of the upper motor neuron syndrome. Despite its name, pyramidal weakness has very little to do with the pyramidal tract, and preeminent texts on neurology, neuroanatomy, and clinical examination differ considerably in their descriptions and localization of this enigmatic finding. Evidence from human and nonhuman primate studies demonstrates that lesions confined only to the corticospinal (pyramidal) tract cause significant deficits in fine motor control of the hand, but do not cause posturing or patterned weakness of the extremities. Lesioning of the corticofugal fibers, particularly the corticoreticular and corticopontine tracts, leads to dysbalanced output from reticulospinal, and vestibulospinal systems, which along with changes in rubrospinal tract output balance, probably accounts for the pyramidal weakness pattern. Importantly, this would delineate that pyramidal weakness could only be incited by lesions above the brainstem. It has also been suggested that the inherently greater strength of the antigravity musculature is the substrate for pyramidal weakness, independent of any preferential motor innervation. These hypotheses require further testing in myometric studies with carefully selected participants.",2021,"Clinical anatomy (New York, N.Y.)",Clin Anat,Castle-Kirszbaum M; Goldschlager T,"Castle-Kirszbaum, Mendel; Goldschlager, Tony",Castle-Kirszbaum M,"Department of Neurosurgery, Monash Health, Melbourne, Australia. | Department of Neurosurgery, Monash Health, Melbourne, Australia. | Department of Surgery, Monash University, Melbourne, Australia.",Humans; Motor Neuron Disease/*physiopathology; Muscle Weakness/*physiopathology; *Terminology as Topic,corticospinal tract; false localizing signs; pyramidal weakness,Humans; Motor Neuron Disease; Muscle Weakness; Terminology as Topic; corticospinal tract; false localizing signs; pyramidal weakness,Journal Article; Review,10.1002/ca.23715,34,3,1098-2353 (Electronic); 0897-3806 (Linking),478-482,PubMed,
27781487,Kernohan-Woltman notch phenomenon: a review article.,"Kernohan-Woltman notch phenomenon (KWNP) is a false localising sign which may still cause diagnostic confusion. It was first described by Kernohan and Woltman in 1929, through post-mortem studies on 297 patients following cases of false localisation. They proposed that raised intracranial pressure causes uncal herniation, which can compress the contralateral cerebral peduncle against the tough tentorium, manifesting as hemiparesis ipsilateral to the primary brain lesion. A number of case reports have been written since the original description of this phenomenon, primarily secondary to intracranial bleeds, and little has been written about long-term outcome of patients who develop KNWP. We performed a literature search of all published cases of KWNP, and reviewed its clinical, pathophysiological, imaging and neurophysiological characteristics. Furthermore, we summarise the long-term outcomes of these patients as described by case reports, with the aim to improve understanding of rehabilitation potential. Thirty-eight cases were found through a PubMed search. We also included a case from our own Trust, making the total number of cases in the analysis 39. Thirty-six cases were secondary to intracranial bleeds (22 of which were traumatic), the remainder were due to an arachnoid cyst, high grade glioma, and reabsorption bone syndrome. Additional clinical manifestations to hemibrachiocrural syndrome included third nerve palsy, mydriasis of the contralateral and ipsilateral pupils, facial nerve palsies, and parkinsonism. Twenty-six (67%) patients had improvement in motor function of varying degrees, with twelve (31%) patients attaining complete motor recovery or independence. More studies on long-term outcome of patients who develop KWNP are needed to understand rehabilitation potential.",2017,British journal of neurosurgery,Br J Neurosurg,Zhang CH; DeSouza RM; Kho JS; Vundavalli S; Critchley G,"Zhang, C H; DeSouza, R M; Kho, J S B; Vundavalli, S; Critchley, G",Zhang CH,"a Department of Neurosurgery , Royal Sussex County Hospital , Brighton , United Kingdom. | a Department of Neurosurgery , Royal Sussex County Hospital , Brighton , United Kingdom. | b Department of Neuroradiology , Royal Sussex County Hospital , Brighton , United Kingdom. | b Department of Neuroradiology , Royal Sussex County Hospital , Brighton , United Kingdom. | a Department of Neurosurgery , Royal Sussex County Hospital , Brighton , United Kingdom.","Brain Diseases; Brain Neoplasms/*diagnostic imaging/*pathology; False Positive Reactions; Female; Humans; Middle Aged; Neuroimaging; Paresis; Postmortem Changes; Tomography, X-Ray Computed",Kernohan; corticospinal tract; false localisation; neurorehabilitation; transtentorial herniation,"Brain Diseases; Brain Neoplasms; False Positive Reactions; Female; Humans; Middle Aged; Neuroimaging; Paresis; Postmortem Changes; Tomography, X-Ray Computed; Kernohan; corticospinal tract; false localisation; neurorehabilitation; transtentorial herniation",Case Reports; Journal Article; Review,10.1080/02688697.2016.1211250,31,2,1360-046X (Electronic); 0268-8697 (Linking),159-166,PubMed,
38173285,Parkinsonism after uncal herniation-an overlooked false localizing sign?,,2024,Movement disorders clinical practice,Mov Disord Clin Pract,Buijink AWG; de Vries S; Schuurman PR; van Iperen A; Dijk JM,"Buijink, Arthur W G; de Vries, Stefanie; Schuurman, P Richard; van Iperen, Andries; Dijk, Joke M",Buijink AWG,"Department of Neurology, Amsterdam University Medical Center, Amsterdam Neuroscience, University of Amsterdam, Amsterdam, The Netherlands. | Department of Neurology, Amsterdam University Medical Center, Amsterdam Neuroscience, University of Amsterdam, Amsterdam, The Netherlands. | Deptartment of Neurosurgery, Amsterdam University Medical Center, Amsterdam Neuroscience, University of Amsterdam, Amsterdam, The Netherlands. | Daan Theeuwes Center for Intensive Neurorehabilitation, Woerden, The Netherlands. | Department of Neurology, Amsterdam University Medical Center, Amsterdam Neuroscience, University of Amsterdam, Amsterdam, The Netherlands.",Humans; Magnetic Resonance Imaging; *Parkinsonian Disorders/diagnosis/diagnostic imaging,,Humans; Magnetic Resonance Imaging; Parkinsonian Disorders,Case Reports; Journal Article,10.1002/mdc3.13964,11 Suppl 2,Suppl 2,2330-1619 (Electronic); 2330-1619 (Linking),S30-S32,PubMed,
34621136,Neuro-Ophthalmic Complications of Vestibular Schwannoma Resection: Current Perspectives.,"Vestibular schwannomas (VSs), also called acoustic neuromas, are benign intracranial neoplasms of the vestibulocochlear (VIII) cranial nerve. Management options include ""wait-and-scan,"" stereotactic radiosurgery and surgical resection. Due to the proximity of the VIII nerve to the facial (VII) nerve in the cerebello-pontine angle, the VII nerve is particularly vulnerable to the effects of surgical resection. This can result in poor eye closure, lagophthalmos and resultant corneal exposure post VS resection. Additionally, compression from the tumor or resection can cause trigeminal (V) nerve damage and a desensate cornea. The combination of an exposed and desensate cornea puts the eye at risk of serious ocular complications including persistent epithelial defects, corneal ulceration, corneal vascularization, corneal melting and potential perforation. The abducens (VI) nerve can be affected by a large intracranial VS causing raised intracranial pressure (a false localizing sign) or as a result of damage to the VI nerve at the time of resection. Other types of neurogenic strabismus are rare and typically transient. Contralaterally beating nystagmus as a consequence of vestibular dysfunction is common post-operatively. This generally settles to pre-operative levels as central compensation occurs. Ipsilaterally beating nystagmus post-operatively should prompt investigation for post-operative cerebrovascular complications. Papilledema (and subsequent optic atrophy) can occur as a result of a large VS causing raised intracranial pressure. Where papilledema follows surgical resection of a VS, it can indicate that cerebral venous sinus thrombosis has occurred. Poor visual function following VS resection can result as a combination of all these potential complications and is more likely with larger tumors.",2021,Eye and brain,Eye Brain,Chiu SJ; Hickman SJ; Pepper IM; Tan JHY; Yianni J; Jefferis JM,"Chiu, Stephanie J; Hickman, Simon J; Pepper, Irene M; Tan, Jennifer H Y; Yianni, John; Jefferis, Joanna M",Chiu SJ,"Department of Ophthalmology, Royal Hallamshire Hospital, Sheffield, UK. | Department of Medical Education, University of Sheffield, Sheffield, UK. | Department of Medical Education, University of Sheffield, Sheffield, UK. | Department of Neurology, Royal Hallamshire Hospital, Sheffield, UK. | Department of Ophthalmology, Royal Hallamshire Hospital, Sheffield, UK. | Department of Medical Education, University of Sheffield, Sheffield, UK. | Department of Ophthalmology, Royal Hallamshire Hospital, Sheffield, UK. | Department of Medical Education, University of Sheffield, Sheffield, UK. | Department of Medical Education, University of Sheffield, Sheffield, UK. | Department of Neurosurgery, Royal Hallamshire Hospital, Sheffield, UK. | Department of Ophthalmology, Royal Hallamshire Hospital, Sheffield, UK. | Department of Medical Education, University of Sheffield, Sheffield, UK. | Department of Neuro-Ophthalmology, Manchester Royal Eye Hospital, Manchester, UK.",,facial nerve paralysis; neurotrophic keratopathy; nystagmus; papilledema; post-operative complications; vestibular schwannoma,facial nerve paralysis; neurotrophic keratopathy; nystagmus; papilledema; post-operative complications; vestibular schwannoma,Journal Article; Review,10.2147/eb.s272326,13,,1179-2744 (Print); 1179-2744 (Electronic); 1179-2744 (Linking),241-253,PubMed,
36396093,Kernohan-Woltman notch phenomenon: an exceptional neurological picture?,"INTRODUCTION: Ipsilateral hemiparesis (IH) can be defined as a paradoxical dysfunction of the first motor neuron involving the extremities on the opposite side to that expected, given the location of the triggering intracranial pathology. Compression of the corticospinal tract (CSt) along its course through the contralateral cerebral peduncle against the free edge of the tentorium, known as the Kernohan-Woltman notch phenomenon (KWNP), represents the main cause of IH. METHODS: This retrospective study analyses a series of 12 patients diagnosed with IH secondary to KWNP treated at our institution, including a descriptive study of epidemiological, clinical, radiological, neurophysiological, and prognostic variables. RESULTS: In 75% of the cases, symptoms had an acute or subacute onset. Initial imaging studies showed signs of significant mass effect in half of the patients, whereas magnetic resonance imaging (MRI) identified a structural lesion in the contralateral cerebral peduncle in two thirds of them. Impairment of the motor evoked potentials (MEP) was verified in 4 patients. During follow-up 7 patients experienced improvement in motor activity, and near half of the cases were classified in the first three categories of the modified Rankin scale. CONCLUSIONS: In contrast to prior historical series, most of our patients developed a KWNP secondary to a traumatic mechanism. MRI represents the optimal method to identify both the classic cerebral peduncle notch and the underlying structural lesion of the CSt. The use of MEP can help to establish the diagnosis, especially in those cases lacking definite radiological findings.",2024,Neurologia,Neurologia (Engl Ed),Carrasco-Moro R; Pascual Garvi JM; Vior Fernández C; Espinosa Rodríguez EE; Martín Palomeque G; Cabañes-Martínez L; López Gutiérrez M; Acitores Cancela A; Barrero Ruiz E; Martínez-San Millán JS,"Carrasco Moro, R; Pascual Garvi, J M; Vior Fernández, C; Espinosa Rodríguez, E E; Martín Palomeque, G; Cabañes Martínez, L; López Gutiérrez, M; Acitores Cancela, A; Barrero Ruiz, E; Martínez San Millán, J S",Carrasco-Moro R,"Servicio de Neurocirugía, Hospital Universitario Ramón y Cajal, Madrid, Spain. Electronic address: rodrigo.carrasco@salud.madrid.org. | Servicio de Neurocirugía, Hospital Universitario La Princesa, Madrid, Spain. | Servicio de Neurocirugía, Hospital Universitario Ramón y Cajal, Madrid, Spain. | Servicio de Neurocirugía, Instituto de Medicina y Cirugía Barcelona, Barcelona, Spain. | Servicio de Neurofisiología Clínica, Hospital Universitario Ramón y Cajal, Madrid, Spain. | Servicio de Neurofisiología Clínica, Hospital Universitario Ramón y Cajal, Madrid, Spain. | Servicio de Neurocirugía, Hospital Central de la Defensa Gómez Ulla, Madrid, Spain. | Servicio de Neurocirugía, Hospital Universitario Ramón y Cajal, Madrid, Spain. | Servicio de Neurocirugía, Hospital Universitario Ramón y Cajal, Madrid, Spain. | Servicio de Diagnóstico por Imagen, Hospital Universitario Ramón y Cajal, Madrid, Spain.","Humans; Retrospective Studies; *Paresis/etiology; Male; Female; Middle Aged; Adult; *Magnetic Resonance Imaging; Pyramidal Tracts/diagnostic imaging; Aged; Evoked Potentials, Motor/physiology; Cerebral Peduncle/diagnostic imaging; Young Adult",Brain herniation; False localising signs; Falsos signos localizadores; Fenómeno de le hendidura de Kernohan-Woltman; Hemiparesia ipsilateral; Hemiparesia paradójica; Hendidura de Kernohan; Hernia cerebral; Ipsilateral hemiparesis; Kernohan-Woltman notch phenomenon; Kernohan’s notch; Paradoxical hemiparesis,"Humans; Retrospective Studies; Paresis; Male; Female; Middle Aged; Adult; Magnetic Resonance Imaging; Pyramidal Tracts; Aged; Evoked Potentials, Motor; Cerebral Peduncle; Young Adult; Brain herniation; False localising signs; Falsos signos localizadores; Fenómeno de le hendidura de Kernohan-Woltman; Hemiparesia ipsilateral; Hemiparesia paradójica; Hendidura de Kernohan; Hernia cerebral; Ipsilateral hemiparesis; Kernohan-Woltman notch phenomenon; Kernohan’s notch; Paradoxical hemiparesis",Journal Article,10.1016/j.nrleng.2022.09.010,39,8,2173-5808 (Electronic); 2173-5808 (Linking),683-693,PubMed,
41881567,Evaluation of the C1-C2 False Localizing Sign in Spontaneous Intracranial Hypotension: Prevalence and Clinical Insights.,"BACKGROUND AND PURPOSE: Dural tears are a major cause of spontaneous intracranial hypotension. The existence of a dural tear can be inferred by the presence of extradural CSF on spine MRI. However, extradural CSF usually spans multiple spinal levels, precluding localization of the dural tear on MRI. The C1-C2 false localizing sign (C1-C2 sign) refers to preferential pooling of extradural CSF dorsally at C1-C2, even though this is typically not the site of leak. While this has been described as an important false localizing sign, other potentially important features of this imaging finding have not been studied. Here, we sought to estimate the prevalence of the C1-C2 sign in patients with spontaneous dural tears and determine whether presence of the C1-C2 sign correlates with length of disease. MATERIALS AND METHODS: We retrospectively identified all patients diagnosed with a dural tear on dynamic CT myelography at our institution between January 2024 and January 2026. We excluded patients who did not have SIH or lacked pre-myelographic spine MRI with T2-weighted fat suppressed sequences. For patients in the final cohort, we recorded the time between symptom onset and initial spine MRI. The presence or absence of the C1-C2 sign on spine MRI was assessed by two neuroradiologists, with any disagreements adjudicated by a third neuroradiologist. The prevalence of the C1-C2 sign was calculated, and correlation with length of symptoms prior to MRI was determined using logistic regression. RESULTS: Our final cohort consisted of 50 consecutive patients with ventral or lateral dural tears localized on dynamic CT myelography. The C1-C2 sign was present in 23/50 (46%) patients. There was a statistically significant negative correlation between symptom duration prior to MRI and presence of the C1-C2 sign (p < 0.05). Furthermore, we identified 11 patients who underwent two spine MRIs prior to myelography. In 6/11 patients, the C1-C2 sign was initially present and resolved over time. CONCLUSIONS: The C1-C2 false localizing sign is associated with a relatively shorter disease duration. Its presence may be helpful in determining optimal treatment strategies in patients with dural tears.",2026,AJNR. American journal of neuroradiology,AJNR Am J Neuroradiol,Madhavan AA; Kranz PG; Kodet ML; Weant EH; Malinzak MD; Willhite J; Gray L; Amrhein TJ,"Madhavan, Ajay A; Kranz, Peter G; Kodet, Michelle L; Weant, E Hope; Malinzak, Michael D; Willhite, Jay; Gray, Linda; Amrhein, Timothy J",Madhavan AA,"From the Division of Neuroradiology (A.A.M., P.G.K., E.H.W.,M.D.M., J.W., L.G., T.J.A.), Department of Radiology, Duke Health, 2301 Erwin Rd, Durham, NC 27710 and Division of Neuroradiology (M.L.K.), Department of Radiology, Mayo Clinic, 200 First St SW, Rochester, MN 55905. ajay.madhavan@duke.edu. | From the Division of Neuroradiology (A.A.M., P.G.K., E.H.W.,M.D.M., J.W., L.G., T.J.A.), Department of Radiology, Duke Health, 2301 Erwin Rd, Durham, NC 27710 and Division of Neuroradiology (M.L.K.), Department of Radiology, Mayo Clinic, 200 First St SW, Rochester, MN 55905. | From the Division of Neuroradiology (A.A.M., P.G.K., E.H.W.,M.D.M., J.W., L.G., T.J.A.), Department of Radiology, Duke Health, 2301 Erwin Rd, Durham, NC 27710 and Division of Neuroradiology (M.L.K.), Department of Radiology, Mayo Clinic, 200 First St SW, Rochester, MN 55905. | From the Division of Neuroradiology (A.A.M., P.G.K., E.H.W.,M.D.M., J.W., L.G., T.J.A.), Department of Radiology, Duke Health, 2301 Erwin Rd, Durham, NC 27710 and Division of Neuroradiology (M.L.K.), Department of Radiology, Mayo Clinic, 200 First St SW, Rochester, MN 55905. | From the Division of Neuroradiology (A.A.M., P.G.K., E.H.W.,M.D.M., J.W., L.G., T.J.A.), Department of Radiology, Duke Health, 2301 Erwin Rd, Durham, NC 27710 and Division of Neuroradiology (M.L.K.), Department of Radiology, Mayo Clinic, 200 First St SW, Rochester, MN 55905. | From the Division of Neuroradiology (A.A.M., P.G.K., E.H.W.,M.D.M., J.W., L.G., T.J.A.), Department of Radiology, Duke Health, 2301 Erwin Rd, Durham, NC 27710 and Division of Neuroradiology (M.L.K.), Department of Radiology, Mayo Clinic, 200 First St SW, Rochester, MN 55905. | From the Division of Neuroradiology (A.A.M., P.G.K., E.H.W.,M.D.M., J.W., L.G., T.J.A.), Department of Radiology, Duke Health, 2301 Erwin Rd, Durham, NC 27710 and Division of Neuroradiology (M.L.K.), Department of Radiology, Mayo Clinic, 200 First St SW, Rochester, MN 55905. | From the Division of Neuroradiology (A.A.M., P.G.K., E.H.W.,M.D.M., J.W., L.G., T.J.A.), Department of Radiology, Duke Health, 2301 Erwin Rd, Durham, NC 27710 and Division of Neuroradiology (M.L.K.), Department of Radiology, Mayo Clinic, 200 First St SW, Rochester, MN 55905.",,,,Journal Article,10.3174/ajnr.a9309,,,1936-959X (Electronic); 0195-6108 (Linking),,PubMed,
37815739,Syndrome of the third frontal convolution: Léon Ectors´ legacy on paradoxical ipsilateral hemiparesis.,"Since the crossed control of sensitive-motor body functions by the contralateral cerebral hemispheres was recognized in the early 18th century, clinicians have been baffled by patients developing a motor deficit involving the extremities on the same side as an intracranial lesion. In the first third of the 20th century, three main hypotheses were proposed to explain this so-called ipsilateral or paradoxical hemiparesis: (1) the absence of decussation of the corticospinal tracts; (2) diaschisis, or blocking of the normal input to a brain region anatomically distant from the injured site; and (3) compression of the contralateral cerebral peduncle against the tentorial border, also known as the Kernohan-Woltman notch phenomenon. Here, we deal with the less widely known contributions of the Belgian neurosurgeon Léon Ectors, who included this paradoxical deficit within a neurological syndrome he considered highly specific for an early diagnosis of those meningiomas growing over the third frontal convolution. The present manuscript includes a systematic review of the cases of ipsilateral hemiparesis secondary to intracranial masses reported in ancient and modern scientific medical literature. We also address in-depth the physiopathological theories accounting for this syndrome and contrast them with Léon Ectors' observations.",2024,Acta neurologica Belgica,Acta Neurol Belg,Carrasco-Moro R; Martínez-San Millán JS; Pérez-Pérez M; Pascual JM,"Carrasco-Moro, Rodrigo; Martínez-San Millán, Juan Salvador; Pérez-Pérez, María; Pascual, José María",Carrasco-Moro R,"Department of Neurosurgery, Ramón y Cajal University Hospital, Colmenar Rd. Km. 9.100, 28034, Madrid, Spain. rocamo@gmail.com. | Department of Neuroradiology, Ramón y Cajal University Hospital, Madrid, Spain. | Department of Neurosurgery, Ramón y Cajal University Hospital, Colmenar Rd. Km. 9.100, 28034, Madrid, Spain. | Department of Neurosurgery, La Princesa University Hospital, Madrid, Spain.","Humans; *Paresis/etiology/physiopathology; Belgium; History, 20th Century; Meningioma/complications; History, 19th Century; History, 18th Century",Brain herniation; Ectors´ syndrome; False localizing signs; Ipsilateral hemiparesis; Kernohan–Woltman notch phenomenon; Meningioma,"Humans; Paresis; Belgium; History, 20th Century; Meningioma; History, 19th Century; History, 18th Century; Brain herniation; Ectors´ syndrome; False localizing signs; Ipsilateral hemiparesis; Kernohan–Woltman notch phenomenon",Historical Article; Journal Article; Systematic Review,10.1007/s13760-023-02394-9 [pii],124,1,2240-2993 (Electronic); 0300-9009 (Linking),37-48,PubMed,
37610638,The Kinetics of Transtentorial Brain Herniation: Kernohan-Woltman Notch Phenomenon Revisited.,"PURPOSE OF REVIEW: To critically review recent literature in understanding the pathological consequences of transtentorial brain herniation resulting from unilateral expanding supratentorial mass lesions. RECENT FINDINGS: Modern neuroimaging assists in understanding the consequences of transtentorial brain herniation with the development of the Kernohan-Woltman notch phenomenon. MRI studies in post-operative patients undergoing craniotomy and removal of expanding unilateral hemispheric mass lesions (usually an extradural or subdural hematoma) have shown striking findings in the contralateral crus cerebri suggestive of damage as a result of impact against the free margin of the opposite tentorium as suggested by Kernohan and Woltman nearly a century back in autopsy studies. MR changes include T1 hypointensity, T2 and fluid-attenuated inversion recovery (FLAIR) hyperintensity, DW1 hyperintensity with restriction of diffusion, presence of hypointensity in GRE sequences and evidence of axonal damage in the corticospinal tracts in the cerebral peduncle in diffusion tensor imaging and MR tractography. The pathological basis of such changes may be variable or a combination of several pathological processes, which may all be related to the impact/compression of the contralateral crus with the tentorial margin. These include contusion, compression, demyelination, and perhaps most importantly microvascular damage including microbleeds. The role of uncal herniation is debatable. It appears that as a result of massive lateral shift in the supratentorial compartment, there is a transient forceful impact of the opposite cerebral peduncle against the rigid tentorial border to induce one or more of the abovementioned phenomena to explain the imaging findings. The limitation of these studies is that most of them have been done in the post-operative periods and surgical manipulations can surely alter anatomical relationships between intracranial structures. The exact sequence of events happening intracranially in the face of rapidly expanding supratentorial mass lesions is largely unknown. Even with rapid progress in neuroimaging, documentation of such changes during life are difficult, principally for logistic reasons. Consequently, the very truth of the much taught about phenomenon of uncal herniation and the resultant Kernohan-Woltman notch phenomenon and the false localizing sign of unilateral motor weakness and contralateral pupillary dilation have been questioned. Animal experimentation and autopsy studies have not contributed much in our understanding of the actual process happening intracranially in such an emergent situation. The midbrain undoubtedly is the key structure bearing the brunt of the effect of brain shift which is more lateral than downward in cases with unilateral expanding lesions. Structural changes in the cerebral peduncles have now been visualized with modern neuroimaging. These alterations may result from the interplay of one or more factors which include compression, contusion, demyelination, and perhaps most importantly microvascular ischemia and hemorrhage resulting from a forceful yet transient impact of the cerebral peduncle with the tough tentorial margin. The last mentioned hypothesis would be in conformity with Kernohan and Woltman's concept of elastic deformation of the midbrain. In the present article an attempt is made to provide a historical account of the changing concepts in relation to brain herniation as systematically and chronologically as possible, and then, critically review recent neuroimaging observations with a view to hypothesize on the sequence of events during transtentorial brain herniation.",2023,Current neurology and neuroscience reports,Curr Neurol Neurosci Rep,Roy D; Chakravarty A,"Roy, Debasish; Chakravarty, Ambar",Roy D,"Department of Neurology, Vivekananda Institute of Medical Sciences, Kolkata, India. | Department of Neurology, Vivekananda Institute of Medical Sciences, Kolkata, India. saschakra@yahoo.com.",Humans; *Encephalocele/pathology/physiopathology; Magnetic Resonance Imaging; *Brain/pathology,Brain herniation; Kernohan-Woltman notch; Lateral displacement of the brain; Uncal herniation,Humans; Encephalocele; Magnetic Resonance Imaging; Brain; Brain herniation; Kernohan-Woltman notch; Lateral displacement of the brain; Uncal herniation,Journal Article; Review,10.1007/s11910-023-01295-x [pii],23,10,1534-6293 (Electronic); 1528-4042 (Linking),571-580,PubMed,
36907707,Beyond uncal herniation: An updated diagnostic reappraisal of ipsilateral hemiparesis and the Kernohan-Woltman notch phenomenon.,"PURPOSE: This works comprehensively analyses a modern cohort of patients with ipsilateral hemiparesis (IH) and discusses the pathophysiological theories elaborated to explain this paradoxical neurological sign according to the findings from contemporary neuroimaging and neurophysiological techniques. METHODS: A descriptive analysis of the epidemiological, clinical, neuroradiological, neurophysiological, and outcome data in a series of 102 case reports of IH published on since the introduction of CT/MRI diagnostic methods (years 1977-2021) was performed. RESULTS: IH mostly developed acutely (75.8%) after traumatic brain injury (50%), as a consequence of the encephalic distortions exerted by an intracranial haemorrhage eventually causing contralateral peduncle compression. Sixty-one patients developed a structural lesion involving the contralateral cerebral peduncle (SLCP) demonstrated by modern imaging tools. This SLCP showed certain variability in its morphology and topography, but it seems pathologically consistent with the lesion originally described in 1929 by Kernohan & Woltman. The study of motor evoked potentials was seldom employed for the diagnosis of IH. Most patients underwent surgical decompression, and a 69.1% experienced some improvement of the motor deficit. CONCLUSIONS: Modern diagnostic methods support that most cases in the present series developed IH following the KWNP model. The SLCP is presumably the consequence of either compression or contusion of the cerebral peduncle against the tentorial border, although focal arterial ischemia may also play a contributing role. Some improvement of the motor deficit should be expected even in the presence of a SLCP, provided the axons of the CST were not completely severed.",2023,Revue neurologique,Rev Neurol (Paris),Carrasco-Moro R; Martínez-San Millán JS; Pascual JM,"Carrasco-Moro, R; Martínez-San Millán, J S; Pascual, J M",Carrasco-Moro R,"Department of Neurosurgery, Ramón y Cajal U, Comenar Rd., Km. 9.100, Madrid, Spain. Electronic address: rocamo@gmail.com. | Department of Neuroradiology, Ramón y Cajal U. H, Madrid, Spain. | Department of Neurosurgery, La Princesa U. H, Madrid, Spain.",Humans; *Brain Diseases/complications; Brain; *Cerebral Peduncle; Magnetic Resonance Imaging; Paresis/diagnosis/etiology,Brain herniation; False localising signs; Ipsilateral hemiparesis; Kernohan notch; Kernohan-Woltman notch phenomenon,Humans; Brain Diseases; Brain; Cerebral Peduncle; Magnetic Resonance Imaging; Paresis; Brain herniation; False localising signs; Ipsilateral hemiparesis; Kernohan notch; Kernohan-Woltman notch phenomenon,Journal Article; Review,10.1016/j.neurol.2022.11.015,179,8,0035-3787 (Print); 0035-3787 (Linking),844-865,PubMed,
37181846,Spontaneous chronic subdural hematoma as the cause of oculomotor cranial nerve palsy: A narrative review.,"Acute complete third nerve palsy with pupillary involvement is usually caused by a posterior communicating artery aneurysm (i.e. ""the rule of the pupil""). The pupillary fibers run peripherally in the third nerve and are thus susceptible to the external compression. Headache is usually present, and urgent diagnosis and treatment are warranted. Rarely, however, neuroimaging shows other causes of third nerve palsy. In this study, we perform a literature review of spontaneous chronic subdural hematoma that, although rarely, may cause an acute pupil-involving third nerve palsy as a false localizing sign. We review the localizing, nonlocalizing, and false localizing nature of ocular motor cranial nerve palsy in this setting.",2022,Brain circulation,Brain Circ,Pellegrini F; Interlandi E; Cuna A; Monaco D; Lee AG,"Pellegrini, Francesco; Interlandi, Emanuela; Cuna, Alessandra; Monaco, Daniela; Lee, Andrew G",Pellegrini F,"Department of Ophthalmology, ""Santa Maria degli Angeli"" Hospital, ASFO, Pordenone (PN), Italy. | Department of Ophthalmology, Ospedale del Mare, ASL Napoli 1 Centro, Naples, Italy. | Department of Ophthalmology, ""De Gironcoli"" Hospital, AULSS2 Marca Trevigiana, Conegliano (TV), Pescara, Italy. | Emergency Neurology and Stroke Unit, Santo Spirito Hospital, ASL Pescara, Pescara, Italy. | Department of Ophthalmology, Blanton Eye Institute, Houston Methodist Hospital, Houston, TX. | Department of Ophthalmology, University of Texas Medical Branch, Galveston, TX. | University of Texas MD Anderson Cancer Center, Houston, TX. | Texas A and M College of Medicine, Bryan, TX. | Department of Ophthalmology, Neurology, and Neurosurgery, Weill Cornell Medicine, New York, NY. | Department of Ophthalmology, The University of Iowa Hospitals and Clinics, Iowa City, Iowa, USA.",,Acute subdural hematoma; Kernoan phenomenon; chronic subdural hematoma; third nerve palsy,Acute subdural hematoma; Kernoan phenomenon; chronic subdural hematoma; third nerve palsy,Journal Article; Review,10.4103/bc.bc_42_22,8,4,2455-4626 (Electronic); 2394-8108 (Print); 2394-8108 (Linking),188-191,PubMed,
756328,"Parinaud's syndrome, false localising sign of pseudo-Dandy-Walker syndrome.",,1978,Bulletin de la Societe belge d'ophtalmologie,Bull Soc Belge Ophtalmol,Neetens A; Rubbens MC,"Neetens, A; Rubbens, M C",Neetens A,,"Adult; Dandy-Walker Syndrome/*diagnosis; Diagnosis, Differential; Humans; Hydrocephalus/*diagnosis; Male; Ophthalmoplegia/*diagnosis/etiology; *Reflex, Pupillary; Syndrome",,"Adult; Dandy-Walker Syndrome; Diagnosis, Differential; Humans; Hydrocephalus; Male; Ophthalmoplegia; Reflex, Pupillary; Syndrome",Case Reports; Journal Article,,182,,0081-0746 (Print); 0081-0746 (Linking),131-8,PubMed,
1402147,The false localizing signs of increased intracranial pressure.,"False localizing signs, although rare, indicate significant increased intracranial pressure with tissue shift, has occurred. A review of the historical perspective highlights the discovery of these false localizing signs, and exploration of the anatomic and physiologic causes provides important insight for neuroscience nurses. Critical thinking skills, and a world view paradigm for clinical practice are developed upon an in-depth understanding of neurologic dysfunction. Collaborative relationships are enhanced by an interdisciplinary approach to assessment of the critically ill neuroscience patient.",1992,The Journal of neuroscience nursing : journal of the American Association of Neuroscience Nurses,J Neurosci Nurs,Davis M; Lucatorto M,"Davis, M; Lucatorto, M",Davis M,"Neuroscience intensive care unit, Shadyside Hospital, Pittsburgh.",Brain Neoplasms/nursing/physiopathology; Cranial Nerves/physiopathology; Humans; Intracranial Pressure/*physiology; Neurologic Examination/*nursing; *Nursing Assessment,,Brain Neoplasms; Cranial Nerves; Humans; Intracranial Pressure; Neurologic Examination; Nursing Assessment,Journal Article; Review,10.1097/01376517-199210000-00003,24,5,0888-0395 (Print); 0888-0395 (Linking),245-50,PubMed,
25979700,False localizing sign of cervico-thoracic CSF leak in spontaneous intracranial hypotension.,"OBJECTIVE: Spontaneous spinal CSF leaks are an important cause of new-onset headaches. Such leaks are reported to be particularly common at the cervico-thoracic junction. The authors undertook a study to determine the significance of these cervico-thoracic CSF leaks. METHODS: The patient population consisted of a consecutive group of 13 patients who underwent surgery for CSF leak repair based on CT myelography showing CSF extravasation at the cervico-thoracic junction but without any evidence of an underlying structural lesion. RESULTS: The mean age of the 9 women and 4 men was 41.2 years. Extensive extrathecal longitudinal CSF collections were demonstrated in 11 patients. At surgery, small leaking arachnoid cysts were found in 2 patients. In the remaining 11 patients, no clear source of CSF leakage could be identified at surgery. Resolution of symptoms was achieved in both patients with leaking arachnoid cysts, but in only 3 of the 11 patients with negative intraoperative findings. Postoperative spinal imaging was performed in 9 of the 11 patients with negative intraoperative findings and showed persistence of the longitudinal intraspinal extradural CSF. Further imaging revealed the site of the CSF leak to be ventral to the thoracic spinal cord. Five of these patients underwent microsurgical repair of the ventral CSF leak with resolution of symptoms in all 5 patients. CONCLUSIONS: Cervico-thoracic extravasation of dye on myelography does not necessarily indicate the site of the CSF leak. Treatment directed at this site should not be expected to have a high probability of sustained improvement of symptoms.",2015,Neurology,Neurology,Schievink WI; Maya MM; Chu RM; Moser FG,"Schievink, Wouter I; Maya, M Marcel; Chu, Ray M; Moser, Franklin G",Schievink WI,"From the Departments of Neurosurgery (W.I.S., R.M.C.) and Radiology (M.M.M., F.G.M.), Cedars-Sinai Medical Center, Los Angeles, CA. schievinkw@cshs.org. | From the Departments of Neurosurgery (W.I.S., R.M.C.) and Radiology (M.M.M., F.G.M.), Cedars-Sinai Medical Center, Los Angeles, CA. | From the Departments of Neurosurgery (W.I.S., R.M.C.) and Radiology (M.M.M., F.G.M.), Cedars-Sinai Medical Center, Los Angeles, CA. | From the Departments of Neurosurgery (W.I.S., R.M.C.) and Radiology (M.M.M., F.G.M.), Cedars-Sinai Medical Center, Los Angeles, CA.","Adult; Cervical Vertebrae; Dura Mater; Female; Humans; Intracranial Hypotension/*diagnosis/etiology/*pathology; Longitudinal Studies; Magnetic Resonance Imaging; Male; Middle Aged; *Myelography; Subdural Effusion/*complications/*diagnosis/pathology/surgery; Thoracic Vertebrae; Tomography, X-Ray Computed",,"Adult; Cervical Vertebrae; Dura Mater; Female; Humans; Intracranial Hypotension; Longitudinal Studies; Magnetic Resonance Imaging; Male; Middle Aged; Myelography; Subdural Effusion; Thoracic Vertebrae; Tomography, X-Ray Computed",Journal Article,10.1212/wnl.0000000000001697,84,24,1526-632X (Electronic); 0028-3878 (Linking),2445-8,PubMed,
37458360,Rubrospinal activation during asleep subthalamic nucleus deep brain stimulation: a false localizing sign. Illustrative case.,"BACKGROUND: Deep brain stimulation (DBS) can be a life-changing intervention for patients with Parkinson's disease (PD), but its success is largely dependent on precise lead placement. The subthalamic nucleus (STN) is one of the most common surgical targets of DBS, but the close anatomical and physiological resemblance of the STN to the mediocaudal red nucleus renders these landmarks difficult to distinguish. OBSERVATIONS: We present an atypical case in which targeted localization of the STN resulted in symptoms pathognomonic of rubrospinal tract (RST) stimulation. A 79-year-old female with a 12-year history of right-hand resting tremor due to medically refractory PD presented for asleep bilateral STN-DBS surgery. Right STN intraoperative testing revealed left hand and elbow flexion contractures, initially suggestive of corticospinal tract activation, despite imaging studies demonstrating reasonable lead placement in the central dorsolateral STN. The lead was moved anteromedially near the medial border of the STN, but stimulation at this location revealed similar but more robust flexor hand and arm contractures, without any extraocular muscle involvement. Thus, activation of the RST was suspected. LESSONS: Isolated activation of the RST is possible during STN-DBS surgery. Its identification can help avoid false localization and suboptimal lead placement.",2023,Journal of neurosurgery. Case lessons,J Neurosurg Case Lessons,Mitchell DL; Pearce J; King P; Sani S,"Mitchell, Devon L; Pearce, John; King, Patrick; Sani, Sepehr",Mitchell DL,"1Chicago Medical School, Rosalind Franklin University, North Chicago, Illinois; and. | 2Department of Neurological Surgery, Rush University Medical Center, Chicago, Illinois. | 1Chicago Medical School, Rosalind Franklin University, North Chicago, Illinois; and. | 2Department of Neurological Surgery, Rush University Medical Center, Chicago, Illinois.",,Parkinson’s disease; deep brain stimulation; functional neurosurgery; rubrospinal tract; subthalamic nucleus,Parkinson’s disease; deep brain stimulation; functional neurosurgery; rubrospinal tract; subthalamic nucleus,Journal Article,10.3171/case23100,6,2,2694-1902 (Electronic); 2694-1902 (Linking),,PubMed,
2246664,Carotid dissection: a new false localising sign.,,1990,"Journal of neurology, neurosurgery, and psychiatry",J Neurol Neurosurg Psychiatry,Hess DC; Sethi KD; Nichols FT,"Hess, D C; Sethi, K D; Nichols, F T",Hess DC,,"Adult; Aortic Dissection/*complications/diagnosis; Carotid Artery Diseases/*complications/diagnosis; Carotid Artery, Internal; Cerebral Infarction/diagnosis; Cranial Nerve Diseases/*etiology; Diagnosis, Differential; Hemiplegia/*etiology; Humans; Intracranial Aneurysm/*complications/diagnosis; Magnetic Resonance Imaging; Male; Medulla Oblongata/blood supply",,"Adult; Aortic Dissection; Carotid Artery Diseases; Carotid Artery, Internal; Cerebral Infarction; Cranial Nerve Diseases; Diagnosis, Differential; Hemiplegia; Humans; Intracranial Aneurysm; Magnetic Resonance Imaging; Male; Medulla Oblongata",Case Reports; Letter,10.1136/jnnp.53.9.804,53,9,0022-3050 (Print); 1468-330X (Electronic); 0022-3050 (Linking),804-5,PubMed,
27559458,Clinical Presentation of Cervical Myelopathy at C1-2 Level.,"STUDY DESIGN: Single-center retrospective study. PURPOSE: To clarify the clinical features of cervical myelopathy at the C1-2 level. OVERVIEW OF LITERATURE: Methods for distinguishing the affected level based on myelomere symptoms or dysfunction of the conducting pathway were established. However, no symptoms have been identified as being specific to the C1-2 level segment. METHODS: We evaluated 24 patients with cervical myelopathy due to spinal cord compression at the C1-2 level. Preoperative neurological assessment were investigated and compared with the rate and site of compression of the spinal cord using computed tomography-myelography. RESULTS: Impaired temperature and pain sensation were confirmed in 18 of the 24 patients with that localized to the upper arms (n=3), forearm (n=9), both (n=2), and whole body (n=4). Muscle weakness was observed in 18 patients, muscle weakness extended from the biceps brachii to the abductor digiti minimi in 10 patients, and in the whole body in 8 patients. Deep tendon reflexes were normal in 10 patients, whereas hyperactive deep tendon reflexes were noted in 14 patients. The rate of spinal cord compression was significantly higher in patients with perceptual dysfunction and muscle weakness compared with those with no dysfunction. However, no significant difference in the rate and site of compression was identified in those with dysfunction. CONCLUSIONS: Perceptual dysfunction and muscle weakness localized to the upper limbs was observed in 58% and 42% of patients, respectively. Neurological abnormalities, such as perceptual dysfunction and muscle weakness, were visualized in patients with marked compression.",2016,Asian spine journal,Asian Spine J,Murahashi Y; Takebayashi T; Terashima Y; Tsuda H; Yoshimoto M; Yamashita T,"Murahashi, Yasutaka; Takebayashi, Tsuneo; Terashima, Yoshinori; Tsuda, Hajime; Yoshimoto, Mitsunori; Yamashita, Toshihiko",Murahashi Y,"Department of Orthopaedic Surgery, Sapporo Medical University School of Medicine, Sapporo, Japan. | Department of Orthopaedic Surgery, Sapporo Medical University School of Medicine, Sapporo, Japan. | Department of Orthopaedic Surgery, Sapporo Medical University School of Medicine, Sapporo, Japan. | Department of Orthopaedic Surgery, Sapporo Medical University School of Medicine, Sapporo, Japan. | Department of Orthopaedic Surgery, Sapporo Medical University School of Medicine, Sapporo, Japan. | Department of Orthopaedic Surgery, Sapporo Medical University School of Medicine, Sapporo, Japan.",,Atlantoaxial joint; Cervical spine; False localizing sign; Myelopathy; Spondyloarthropathy,Atlantoaxial joint; Cervical spine; False localizing sign; Myelopathy; Spondyloarthropathy,Journal Article,10.4184/asj.2016.10.4.755,10,4,1976-1902 (Print); 1976-7846 (Electronic); 1976-1902 (Linking),755-61,PubMed,
33223673,High-Pressure Normocephalus-Raised Intracranial Pressure with False Localizing Signs.,"Normal-sized ventricles and absence of papilledema do not rule out shunt failure and raised intracranial pressure (ICP). Raised ICP can present with false localizing signs which may be cranial nerve palsies or extensive polyradiculopathy. Our patient with a history of ventriculoperitoneal (VP) shunt presented with rapidly progressive vision loss without papilledema, as well as multiple cranial nerve palsies and radiculopathy. Imaging did not reveal hydrocephalus, however, cerebrospinal fluid (CSF) manometry revealed high CSF opening pressure. After lumbar thecoperitoneal shunting, vision did not improve, but the rest of cranial nerve palsies and radiculopathy improved. In a patient in whom VP shunt is in situ, headache and vomiting should prompt evaluation for raised ICP though there is no ventriculomegaly of papilledema. Vision can be saved if raised ICP is suspected, CSF opening pressure measured at presentation and prompt surgery is performed.",2020,Annals of Indian Academy of Neurology,Ann Indian Acad Neurol,Elavarasi A; Dash D; Singh PK; Tripathi M,"Elavarasi, Arunmozhimaran; Dash, Deepa; Singh, Pankaj Kumar; Tripathi, Manjari",Elavarasi A,"Department of Neurology, All India Institute of Medical Sciences, New Delhi, India. | Department of Neurology, All India Institute of Medical Sciences, New Delhi, India. | Department of Neurosurgery, All India Institute of Medical Sciences, New Delhi, India. | Department of Neurology, All India Institute of Medical Sciences, New Delhi, India.",,False localizing signs; raised ICP-raised intracranial pressure; shunt failure,False localizing signs; raised ICP-raised intracranial pressure; shunt failure,Case Reports; Journal Article,10.4103/aian.aian_431_18,23,4,0972-2327 (Print); 1998-3549 (Electronic); 0972-2327 (Linking),536-538,PubMed,
34877197,Idiopathic Intracranial Hypertension in a Malaysian Preschooler.,"A four-year-old girl presented with a three-day history of squint and irritability. Examination showed reduced visual acuity in both eyes, the presence of a false localizing sign, and bilateral optic disc swelling. On investigation, her blood laboratory workup was within the normal range. Imaging of the brain showed no evidence of a space-occupying lesion or cerebral venous sinus thrombosis. The lumbar puncture opening pressure was 27cmH(2)0 and the cerebrospinal fluid workup was normal. The diagnosis of idiopathic intracranial hypertension (IIH) was made based on the diagnostic criteria for pseudotumor cerebri syndrome. She was successfully treated with acetazolamide with resolved symptoms and signs. This highlights the possibility of IIH presenting with inconspicuous symptoms in preschool children, which needs a high index suspicion by clinicians. Hence, solving the challenges in the workup, especially in children, is very crucial.",2021,Cureus,Cureus,Basiron SF'; Tan EL; Ch'ng TW; Othman O,"Basiron, Siti Farhah 'Adilah; Tan, Ee Ling; Ch'ng, Tun Wang; Othman, Othmaliza",Basiron SF',"Ophthalmology, Universiti Kebangsaan Malaysia Medical Centre, Kuala Lumpur, MYS. | Ophthalmology, Hospital Raja Permaisuri Bainun, Perak, MYS. | Ophthalmology, Hospital Raja Permaisuri Bainun, Perak, MYS. | Ophthalmology, Hospital Raja Permaisuri Bainun, Perak, MYS. | Ophthalmology, Universiti Kebangsaan Malaysia Medical Centre, Kuala Lumpur, MYS.",,false localizing sign; idiopathic intracranial hypertension (iih); papilledema; pediatric; pseudo tumor cerebri,false localizing sign; idiopathic intracranial hypertension (iih); papilledema; pediatric; pseudo tumor cerebri,Case Reports; Journal Article,10.7759/cureus.19207,13,11,2168-8184 (Print); 2168-8184 (Electronic); 2168-8184 (Linking),e19207,PubMed,
22575059,Thoracic sensory level as a false localizing sign in cervical spinal cord and brain lesions.,"BACKGROUND: In rare cases of cervical myelopathy, there may be a discrepancy between the sensory level and the site of cord lesion. This phenomenon is not well recognized. This study sought to investigate the characteristics of patients presenting with a false localizing thoracic sensory level. METHODS: The databases of the neurology clinics of two major tertiary medical centers were reviewed for all patients who presented in 2000-2010 with a main complaint of paraparesis and a thoracic sensory level. Those whose initial thoracic magnetic resonance scan showed no spinal cord pathology were included in the study. RESULTS: Twelve patients (mean age, 52 ± 31 years) met the study criteria. In all cases, the pathological lesion was visualized on magnetic resonance imaging of the cervical spine or brain. Eight patients had a compressive lesion of the spinal cord and 4 had demyelinating lesions. The difference between the false localizing sensory level and the level of the cervical lesion ranged from 6 to 11 segments. CONCLUSION: Patients with a sensory thoracic level and normal findings on thoracic magnetic resonance imaging should be further evaluated with cervical spinal cord and, sometimes, brain imaging to search for potentially treatable lesions.",2013,Clinical neurology and neurosurgery,Clin Neurol Neurosurg,Hellmann MA; Djaldetti R; Luckman J; Dabby R,"Hellmann, Mark A; Djaldetti, Ruth; Luckman, Judith; Dabby, Ron",Hellmann MA,"Department of Neurology, Rabin Medical Center, Petah-Tikwa, affiliated with Sackler Faculty of Medicine, Tel Aviv University, Tel Aviv, Israel.","Adult; Aged; Aged, 80 and over; Brain/*pathology; Cervical Vertebrae/*pathology; Humans; Intervertebral Disc Displacement/diagnosis/pathology; Magnetic Resonance Imaging/methods; Middle Aged; Paraparesis/diagnosis/pathology; Spinal Cord/*pathology; Spinal Cord Compression/diagnosis/*pathology; Young Adult",,"Adult; Aged; Aged, 80 and over; Brain; Cervical Vertebrae; Humans; Intervertebral Disc Displacement; Magnetic Resonance Imaging; Middle Aged; Paraparesis; Spinal Cord; Spinal Cord Compression; Young Adult",Journal Article,10.1016/j.clineuro.2012.04.011,115,1,1872-6968 (Electronic); 0303-8467 (Linking),54-6,PubMed,
41804433,False Localizing Signs in High Lumbar Stenosis: L2/3 Compression Mimicking L5 Radiculopathy.,"Degenerative lumbar spinal stenosis typically manifests with symptoms that correlate precisely to the anatomical level of compression. However, 'false localising signs' do exist, which can lead to diagnostic conundrums. A foot drop is classically attributed to a pathology at the L4/5 level affecting the L5 nerve root; however, it may rarely result from more proximal lumbar compressive pathologies. We report a rare case of high lumbar stenosis (L2/3) manifesting with typical and atypical symptoms, highlighting the importance of sound clinical decision-making while recognising this confounding clinical entity. A 55-year-old man presented with chronic back pain, neurogenic claudication, and a right-sided foot drop (Medical Research Council grade 1/5). Magnetic resonance imaging (MRI) of the lumbar spine revealed severe stenosis at the L2/3 level but no significant compression at the L4/5 or L5/S1 levels. Interestingly, neurophysiological studies confirmed L5 radiculopathy. The patient subsequently underwent an L2/3 decompression for neurogenic claudication. Post-operatively, the patient reported improvement in claudication and complete resolution of the foot drop, which remained stable at 12 months' follow-up. This case highlights that high lumbar lesions can mimic distal lumbosacral radiculopathy. This case emphasises that the level of the clinical deficit does not always correlate with the level of compression, leading to false localising signs. It is hypothesised that the L5 nerve root is particularly vulnerable at the L2/3 level due to its peripheral position within the thecal sac as it descends the cauda equina. Clinicians should be aware of this phenomenon to avoid unnecessary or incorrect surgical targeting and to aid in counselling and expectation setting.",2026,Cureus,Cureus,De Santos M; Leach M,"De Santos, Mikhail; Leach, Marnie",De Santos M,"Neurosurgery/Spine Surgery, Leeds Teaching Hospitals NHS Trust, Leeds, GBR. | Neurosurgery/Spine Surgery, Leeds Teaching Hospitals NHS Trust, Leeds, GBR.",,electromyographic (emg); emg-ncv; false localising signs; foot drop; high lumbar stenosis; lumbar spinal stenosis (lss); minimal invasive spine surgery; motor radiculopathy; nerve conduction velocity (ncv); surgery spine,electromyographic (emg); emg-ncv; false localising signs; foot drop; high lumbar stenosis; lumbar spinal stenosis (lss); minimal invasive spine surgery; motor radiculopathy; nerve conduction velocity (ncv); surgery spine,Case Reports; Journal Article,10.7759/cureus.103098,18,2,2168-8184 (Print); 2168-8184 (Electronic); 2168-8184 (Linking),e103098,PubMed,
32821602,False Localizing Trigeminal V2 Sensory Loss in Vestibular Schwannoma.,"False localizing signs involving cranial nerves are rare, even more so when involving the trigeminal nerve. Here we present the first case of trigeminal V2 sensory loss as a false localizing sign. The sensory dysfunction was caused by a large contralateral cystic vestibular schwannoma and subsequently improved after tumor resection. The clinical and radiographic features are described, and proposed mechanisms for this false localizing sign are discussed.",2020,Cureus,Cureus,Feria AL; Akinduro OO; Rahmathulla G; Tavanaiepour D,"Feria, Alejandro L; Akinduro, Oluwaseun O; Rahmathulla, Gazanfar; Tavanaiepour, Daryoush",Feria AL,"Internal Medicine, University of Kentucky, Bowling Green, USA. | Neurological Surgery, Mayo Clinic Florida, Jacksonville, USA. | Neurological Surgery, University of Florida College of Medicine, Jacksonville, USA. | Neurological Surgery, University of Florida Health, Jacksonville, USA.",,false localizing sign; trigeminal sensory loss; vestibular schwannoma,false localizing sign; trigeminal sensory loss; vestibular schwannoma,Case Reports; Journal Article,10.7759/cureus.9256,12,7,2168-8184 (Print); 2168-8184 (Electronic); 2168-8184 (Linking),e9256,PubMed,
32999238,Chest Pain and Hypertension from the Spinal Cord.,,2021,"Internal medicine (Tokyo, Japan)",Intern Med,Aiba Y; Sakakibara R; Tateno F,"Aiba, Yosuke; Sakakibara, Ryuji; Tateno, Fuyuki",Aiba Y,"Neurology, Internal Medicine, Sakura Medical Center, Toho University, Japan. | Neurology, Internal Medicine, Sakura Medical Center, Toho University, Japan. | Neurology, Internal Medicine, Sakura Medical Center, Toho University, Japan.",Chest Pain/diagnosis/etiology; Humans; *Hypertension/complications/diagnosis; Spinal Cord; *Spinal Cord Injuries,autonomic dysreflexia; cervical epidural hematoma; chest pain; false localizing sign; urinary retention,Chest Pain; Humans; Hypertension; Spinal Cord; Spinal Cord Injuries; autonomic dysreflexia; cervical epidural hematoma; chest pain; false localizing sign; urinary retention,Journal Article,10.2169/internalmedicine.5692-20,60,5,1349-7235 (Electronic); 0918-2918 (Print); 0918-2918 (Linking),817,PubMed,
26528671,The History of the Kernohan Notch Revisited.,"The history of false localizing signs is intimately linked to the birth of modern neurology and the unraveling of the mysteries of localization through neurological examination at the end of the 19th century. This phenomenon has attracted much attention but has not been properly explained, even in the authoritative handbooks such as that by Oppenheim. A scholarly article written by Kernohan and Woltman in 1929 is considered to be a landmark in the history of neurology and neurosurgery in that it provided the definitive answer and an exhaustive explanation of the problem, leading some neurologists to conclude that the localization of a lesion is not an exact science. However, despite the professional manner in which Kernohan and Woltman presented their case, they did not offer an explanation. In another article published 2 years earlier in 1927, Groeneveld and Schaltenbrand provided a pathophysiological and anatomical explanation of the phenomenon, described in detail. Although Kernohan and Woltman themselves refer to that previous article, it was this article that provided the first logical, clear, indubitable explanation of the phenomenon that we today refer to as the Kernohan notch.",2016,Neurosurgery,Neurosurgery,Dammers R; Volovici V; Kompanje EJ,"Dammers, Ruben; Volovici, Victor; Kompanje, Erwin J O",Dammers R,"*Department of Neurosurgery, Brain Tumor Center and ‡Department of Intensive Care, Department of Medical Ethics and Philosophy of Medicine, Erasmus MC University Medical Center, Rotterdam, the Netherlands.","Brain Diseases/*etiology/history/pathology; Hemiplegia/*etiology/history; History, 20th Century; Humans; Necrosis; Netherlands; Neurology/*history; Neurosurgery/history; Seizures/etiology; Syndrome; United States",,"Brain Diseases; Hemiplegia; History, 20th Century; Humans; Necrosis; Netherlands; Neurology; Neurosurgery; Seizures; Syndrome; United States","Historical Article; Journal Article; Research Support, Non-U.S. Gov't",10.1227/neu.0000000000001097,78,4,1524-4040 (Electronic); 0148-396X (Linking),581-4,PubMed,
30294700,Bilateral pseudo-internuclear ophthalmoplegia in a patient with myasthenia gravis.,"PURPOSE: To report a case of myasthenia gravis presenting with a false localizing sign, a bilateral pseudo internuclear ophthalmoplegia. OBSERVATIONS: A 61 year-old male presented with a five-week history of painless binocular oblique diplopia that was associated with fatigue, vocal hoarseness and bilateral ptosis, the latter two of which worsened through the course of the day. Exam was remarkable for an apparent bilateral internuclear ophthalmoplegia (INO). MRI of the brain with and without contrast and MRA of the head and neck were within normal limits. Lab work was positive for anti-AChR binding, blocking, and modulating antibodies, as well as anti-striated muscle and anti-titin antibodies. The patient was initiated on therapy for myasthenia gravis. CONCLUSION AND IMPORTANCE: Although myasthenia gravis often presents with ptosis or diplopia, rarely patients may develop pseudo-INO secondary to extraocular muscle weakness. True INO occurs with damage to the medial longitudinal fasciculus, a myelinated tract of fibers that controls yoked horizontal eye movements. Clinicians should be suspicious of the false localizing sign of a pseudo-INO associated with myasthenia gravis when more common causes of INO have been excluded.",2018,American journal of ophthalmology case reports,Am J Ophthalmol Case Rep,McClard CK; Lyons LJ; Yalamanchili S,"McClard, Cynthia K; Lyons, Lance J; Yalamanchili, Sushma",McClard CK,"School of Medicine, Baylor College of Medicine, Houston, TX, USA. | School of Medicine, Baylor College of Medicine Medical Scientist Training Program, Houston, TX, USA. | Department of Ophthalmology, UTMB, Galveston, TX, USA. | Department of Ophthalmology, Methodist Eye Associates, Blanton Eye Institute, Houston Methodist Hospital, Houston, TX, USA.",,False localizing signs; Myasthenia gravis; Ocular myasthenia gravis; Pseudo internuclear ophthalmoplegia,False localizing signs; Myasthenia gravis; Ocular myasthenia gravis; Pseudo internuclear ophthalmoplegia,Case Reports; Journal Article,10.1016/j.ajoc.2018.09.008,12,,2451-9936 (Electronic); 2451-9936 (Linking),76-78,PubMed,
15070118,False localizing sign of C1-2 cerebrospinal fluid leak in spontaneous intracranial hypotension.,"OBJECT: Spontaneous intracranial hypotension due to a spinal cerebrospinal fluid (CSF) leak is an important cause of new daily persistent headaches. Spinal neuroimaging is important in the treatment of these patients, particularly when direct repair of the CSF leak is contemplated. Retrospinal C1-2 fluid collections may be noted on spinal imaging and these are generally believed to correspond to the site of the CSF leak. The authors undertook a study to determine the significance of these C1-2 fluid collections. METHODS: The patient population consisted of a consecutive group of 25 patients (18 female and seven male) who were evaluated for surgical repair of a spontaneous spinal CSF leak. The mean age of the 18 patients was 38 years (range 13-72 years). All patients underwent computerized tomography myelography. Three patients (12%) had extensive retrospinal C1-2 fluid collections; the mean age of this woman and these two men was 41 years (range 39-43 years). The actual site of the CSF leak was located at the lower cervical spine in these patients and did not correspond to the site of the retrospinal C1-2 fluid collection. CONCLUSIONS: A retrospinal fluid collection at the C1-2 level does not necessarily indicate the site of the CSF leak in patients with spontaneous intracranial hypotension. This is an important consideration in the treatment of these patients because therapy may be inadvertently directed at this site.",2004,Journal of neurosurgery,J Neurosurg,Schievink WI; Maya MM; Tourje J,"Schievink, Wouter I; Maya, M Marcel; Tourje, James",Schievink WI,"Maxine Dunitz Neurosurgical Institute and Imaging Medical Group, Cedars-Sinai Medical Center, Los Angeles, California 90048, USA. schievinkw@cshs.org","Adult; Cervical Vertebrae; Female; Humans; Intracranial Hypotension/*physiopathology; Intracranial Pressure; Male; Myelography; Sensitivity and Specificity; Subdural Effusion/*complications/*diagnosis; Tomography, X-Ray Computed",,"Adult; Cervical Vertebrae; Female; Humans; Intracranial Hypotension; Intracranial Pressure; Male; Myelography; Sensitivity and Specificity; Subdural Effusion; Tomography, X-Ray Computed",Clinical Trial; Journal Article,10.3171/jns.2004.100.4.0639,100,4,0022-3085 (Print); 0022-3085 (Linking),639-44,PubMed,
21045487,Idiopathic intracranial hypertension: are false localising signs other than abducens nerve palsy acceptable?,,2010,Neurology India,Neurol India,Menon RN; Radhakrishnan K,"Menon, Ramshekhar N; Radhakrishnan, Kurupath",Menon RN,,Abducens Nerve Diseases/*physiopathology; Humans; Intracranial Hypertension/*diagnosis,,Abducens Nerve Diseases; Humans; Intracranial Hypertension,Editorial,10.4103/0028-3886.72160,58,5,0028-3886 (Print); 0028-3886 (Linking),683-4,PubMed,
39297644,Reappraisal of the Previously Described False Localizing Sign at C1-2 in Cases of Spontaneous Intracranial Hypotension.,"BACKGROUND AND OBJECTIVES: We present an illustrative case of spontaneous intracranial hypotension (SIH) in the setting of a suspected C1-2 cerebrospinal fluid (CSF) leak that was successfully treated with muscle, collagen, and epidural blood patch. We examined the literature to identify similar cases reporting Cl-2 retrospinal fluid collections identified on imaging in the setting of SIH and quantified the success of targeted treatment to this area despite previous reports that caution about a ""C1-2 false localizing sign."" METHODS: A systematic search was performed identifying cases of SIH resulting from CSF leak with C1-2 fluid collection observed on imaging. PubMed, Google Scholar, and Web of Science were queried, and articles were screened for possible inclusion by 2 authors and supervised by the senior author. RESULTS: In total, 28 studies were included with a total of 32 patients. The number of patients in each study with C1-2 fluid collections, number of patients with fluid collections at multiple levels, specific intervention used, and outcomes of each intervention were recorded, with a focus on whether treatment occurred at the levels exhibiting fluid signal. CONCLUSION: Although the C1-2 fluid signal in SIH has previously been described as a ""false localizing sign,"" our study indicates that treating this level as the source of CSF leak results in successful and durable outcomes. Most SIH cases with signal at C1-2 did not have a fluid signal at any other level and were treated successfully and most commonly through epidural blood patch at the C1-2 level. Symptom resolution was also reported after direct repair of C1-2 CSF leaks through primary closure, Gelfoam patch, and muscle fragment with fibrin. In patients with SIH, C1-2 fluid signal, and no other source of CSF leak identified on imaging, surgical intervention at the C1-2 level seemed to have a high success rate.",2025,"Operative neurosurgery (Hagerstown, Md.)",Oper Neurosurg,Fote G; Shahin H; Brown NJ; Falcone J; Lopez A; Kuan EC; Hsu FPK; Oh MY; Mohyeldin A,"Fote, Gianna; Shahin, Hania; Brown, Nolan J; Falcone, Joseph; Lopez, Alexander; Kuan, Edward C; Hsu, Frank P K; Oh, Michael Y; Mohyeldin, Ahmed",Fote G,"Department of Neurosurgery, University of California, Irvine, Orange , California , USA. | School of Medicine, University of California, Riverside , California , USA. | Department of Neurosurgery, University of California, Irvine, Orange , California , USA. | Department of Neurosurgery, University of California, Irvine, Orange , California , USA. | Department of Neurosurgery, University of California, Irvine, Orange , California , USA. | Department of Otolaryngology, Head and Neck Surgery, University of California, Irvine, Orange , California , USA. | Department of Neurosurgery, University of California, Irvine, Orange , California , USA. | Department of Neurosurgery, University of California, Irvine, Orange , California , USA. | Department of Neurosurgery, University of California, Irvine, Orange , California , USA. | Current affiliation: Department of Neurological Surgery, University of California, Irvine Medical Center, Orange , California , USA.","Humans; *Intracranial Hypotension/diagnostic imaging/surgery/therapy; *Cerebrospinal Fluid Leak/diagnostic imaging/surgery/complications/therapy; Blood Patch, Epidural/methods; Male; *Cervical Vertebrae/diagnostic imaging/surgery; Female; Middle Aged; Adult",,"Humans; Intracranial Hypotension; Cerebrospinal Fluid Leak; Blood Patch, Epidural; Male; Cervical Vertebrae; Female; Middle Aged; Adult",Case Reports; Journal Article; Review,10.1227/ons.0000000000001341,28,4,2332-4260 (Electronic); 2332-4252 (Linking),468-477,PubMed,
39911998,Kernohan-Woltman Notch Phenomenon: A Case of Paradoxical Hemiparesis.,"The Kernohan-Woltman phenomenon, a rare and often misunderstood neurological condition, is recognized as a false localizing neurological sign. This phenomenon is characterized by a motor deficit ipsilateral to the site of the neurological lesion and occurs due to the mass effect of supratentorial lesions causing a shift of midline structures and subsequent transtentorial herniation, leading to compression of the contralateral corticospinal (pyramidal) fibers within the cerebellum, ipsilateral to the lesion. This case describes a patient with human immunodeficiency virus-1 and chronic kidney disease who presented to the emergency department with uremic syndrome and a hypertensive crisis. She experienced sudden neurological deterioration, manifesting as prostration, anisocoria, and left hemiparesis, in the context of an acute subdural hematoma of the left cerebral hemisphere, which is a rare complication of hypertensive crisis. The fact that the hemiparesis was on the same side as the hematoma indicates a rare neurological sign, known as the Kernohan-Woltman phenomenon. This case is particularly noteworthy due to the rare coexistence of these conditions and the atypical presentation of neurological symptoms in the context of supratentorial lesions. The case emphasizes the importance of recognizing this phenomenon in patients with mass-effect lesions, especially in the setting of critical illness, as early identification can influence clinical decision-making and management strategies. Given the rarity of this phenomenon, this report contributes to the literature by providing insight into its clinical presentation and diagnostic challenges, highlighting its relevance in neurocritical care.",2025,Cureus,Cureus,Negrão C; Silva MC; Machado M; Mourato M; Chumbo C; Tomás AR; Coutinho C; Monteiro AC; Matos C,"Negrão, Catarina; Silva, Maria Carolina; Machado, Marta; Mourato, Margarida; Chumbo, Carolina; Tomás, Ana Rita; Coutinho, Constança; Monteiro, Ana Carolina; Matos, Clara",Negrão C,"Department III of Internal Medicine, Hospital Professor Doutor Fernando Fonseca, Amadora, PRT. | Department of Nephrology, Hospital Professor Doutor Fernando Fonseca, Amadora, PRT. | Department II of Internal Medicine, Hospital Professor Doutor Fernando Fonseca, Amadora, PRT. | Department II of Internal Medicine, Hospital Professor Doutor Fernando Fonseca, Amadora, PRT. | Department III of Internal Medicine, Hospital Professor Doutor Fernando Fonseca, Amadora, PRT. | Department III of Internal Medicine, Hospital Professor Doutor Fernando Fonseca, Amadora, PRT. | Department III of Internal Medicine, Hospital Professor Doutor Fernando Fonseca, Amadora, PRT. | Department III of Internal Medicine, Hospital Professor Doutor Fernando Fonseca, Amadora, PRT. | Department III of Internal Medicine, Hospital Professor Doutor Fernando Fonseca, Amadora, PRT.",,false localizing signs; kernohan-woltman notch phenomenon; paradoxical hemiparesis; subdural hematoma; uremic bleeding,false localizing signs; kernohan-woltman notch phenomenon; paradoxical hemiparesis; subdural hematoma; uremic bleeding,Case Reports; Journal Article,10.7759/cureus.76987,17,1,2168-8184 (Print); 2168-8184 (Electronic); 2168-8184 (Linking),e76987,PubMed,
7247159,Trochlear nerve palsy as a false localizing sign.,"A 12-year-old boy developed a fourth nerve palsy during the course of pseudotumor cerebri syndrome. False or nonlocalizing signs that occur during the course of intracranial disease are briefly reviewed. The rarity of a fourth nerve palsy as a false localizing sign is pointed out. However, the question is raised whether a number of subtle fourth nerve palsies go unnoticed and that the true incidence of false localizing fourth nerve palsies is higher.",1981,Annals of ophthalmology,Ann Ophthalmol,Halpern JI; Gordon WH Jr,"Halpern, J I; Gordon, W H Jr",Halpern JI,,"Child; Humans; Male; Ophthalmoplegia/*etiology; Papilledema/etiology; Pseudotumor Cerebri/*complications/diagnosis; Tomography, X-Ray Computed; *Trochlear Nerve",,"Child; Humans; Male; Ophthalmoplegia; Papilledema; Pseudotumor Cerebri; Tomography, X-Ray Computed; Trochlear Nerve","Case Reports; Journal Article; Research Support, Non-U.S. Gov't",,13,1,0003-4886 (Print); 0003-4886 (Linking),53-6,PubMed,
18141993,False localizing signs in cerebral tumours.,,1949,Postgraduate medical journal,Postgrad Med J,TATLOW WF,"TATLOW, W F T",TATLOW WF,,*Brain; *Brain Neoplasms; Humans; *Physical Examination,*BRAIN/tumors,Brain; Brain Neoplasms; Humans; Physical Examination; BRAIN,Journal Article,10.1136/pgmj.25.287.445,25,287,0032-5473 (Print); 1469-0756 (Electronic); 0032-5473 (Linking),445-8,PubMed,
15201388,Extensive radiculopathy: another false localising sign in intracranial hypertension.,,2004,"Journal of neurology, neurosurgery, and psychiatry",J Neurol Neurosurg Psychiatry,Moosa A; Joy MA; Kumar A,"Moosa, A; Joy, M A; Kumar, A",Moosa A,,"Diagnosis, Differential; Humans; Hypertension/*diagnosis; Radiculopathy/*diagnosis/*etiology; Spinal Cord Compression/complications",,"Diagnosis, Differential; Humans; Hypertension; Radiculopathy; Spinal Cord Compression",Comment; Letter,,75,7,0022-3050 (Print); 1468-330X (Electronic); 0022-3050 (Linking),1080-1,PubMed,
25883838,Pupil sparing oculomotor nerve paresis after anterior communicating artery aneurysm rupture: False localizing sign or acute microvascular ischemia?,"BACKGROUND: We describe a rare case of solitary pupil sparing oculomotor nerve paresis following rupture of anterior communicating artery (ACom) aneurysm and discuss the pertinent literature. Oculomotor nerve paresis caused by an ACom aneurysm rupture is an uncommon occurrence. Also, partial paresis affecting only fibers of superior division of oculomotor nerve is never reported before. CASE DESCRIPTION: A 55-year-old female, known hypertensive presented 5 days after an episode of acute severe headache, with Glasgow Coma Scale (GCS) of E2V2M5, left ptosis, normal pupils, paraparesis, and computed tomography (CT) scan showed diffuse subarachnoid hemorrhage (SAH). CT angiography revealed ACom aneurysm pointing antero-superiorly toward right. Patient later underwent endovascular coiling of the aneurysm. Subsequently there was partial improvement of ptosis in 3 weeks. CONCLUSION: Though pupil sparing oculomotor nerve paresis may not have much localizing value, it helps to understand acute microvascular spasm with potential therapeutic implications.",2015,Surgical neurology international,Surg Neurol Int,Srinivasan A; Dhandapani S; Kumar A,"Srinivasan, Anirudh; Dhandapani, Sivashanmugam; Kumar, Ajay",Srinivasan A,"Department of Neurosurgery, PGIMER, Chandigarh, India. | Department of Neurosurgery, PGIMER, Chandigarh, India. | Department of Neuroradiology, PGIMER, Chandigarh, India.",,Anterior communicating artery aneurysm; micro vascular spasm; pupil sparing oculomotor paresis; subarachnoid haemorrhage,Anterior communicating artery aneurysm; micro vascular spasm; pupil sparing oculomotor paresis; subarachnoid haemorrhage,Case Reports; Journal Article,10.4103/2152-7806.153877,6,,2229-5097 (Print); 2152-7806 (Electronic); 2152-7806 (Linking),46,PubMed,
12080871,Kernohan's notch phenomenon: a case study.,"In a patient suffering from brain herniation due to a right-sided subdural hematoma, a neurological examination should show left-sided deficits, known as localizing signs, and a decreased level of consciousness. However, false localizing signs may be present, attributed to pressure on Kernohan's notch. A case study demonstrates these false localizing signs, known as Kernohan's notch phenomenon.",2002,The Journal of neuroscience nursing : journal of the American Association of Neuroscience Nurses,J Neurosci Nurs,Schedler P; Geary S,"Schedler, Pam; Geary, Siobhan",Schedler P,"Sutter Medical Center, Nursing Administration, 2801 L Street, Sacramento, CA 95816, USA.","Adult; Hematoma, Subdural, Acute/*pathology/*physiopathology; Humans; Magnetic Resonance Imaging; Male; Parahippocampal Gyrus/*pathology",,"Adult; Hematoma, Subdural, Acute; Humans; Magnetic Resonance Imaging; Male; Parahippocampal Gyrus",Case Reports; Journal Article,10.1097/01376517-200206000-00008,34,3,0888-0395 (Print); 0888-0395 (Linking),158-9,PubMed,
11792482,Papilledema as a 'false' localizing sign.,"A 47-year-old woman with a 3 month's history of progressive visual loss in her right eye presented with right fundus normal but with marked papilledema on the left. Magnetic resonance imaging (MRI) revealed a large right 'en plaque' meningioma which was successfully removed via a pterional craniotomy. The case outlines that unilateral papilledema offers little information concerning tumor localization, and may represent a 'false' localizing sign.",2002,Clinical neurology and neurosurgery,Clin Neurol Neurosurg,Mariniello G; Bonavolontà G; de Divitiis E,"Mariniello, Giuseppe; Bonavolontà, Giulio; de Divitiis, Enrico",Mariniello G,"Department of Neurosurgery, School of Medicine, Federico II University, 5 Via S. Pansini, 80131, Naples, Italy. g.mariniello@tin.it",Craniotomy; False Negative Reactions; Female; Functional Laterality; Humans; Meningeal Neoplasms/complications/*pathology/surgery; Meningioma/complications/*pathology/surgery; Middle Aged; Papilledema/*etiology; Vision Disorders/etiology,,Craniotomy; False Negative Reactions; Female; Functional Laterality; Humans; Meningeal Neoplasms; Meningioma; Middle Aged; Papilledema; Vision Disorders,Case Reports; Journal Article,10.1016/s0303-8467(01)00185-8,104,1,0303-8467 (Print); 0303-8467 (Linking),69-71,PubMed,
1619427,Seventh nerve palsy as a false localising sign.,,1992,"Journal of neurology, neurosurgery, and psychiatry",J Neurol Neurosurg Psychiatry,Davie C; Kennedy P; Katifi HA,"Davie, C; Kennedy, P; Katifi, H A",Davie C,,"Adult; Cerebrospinal Fluid/chemistry; Cranial Nerve Diseases/classification/*diagnosis/etiology; Female; Headache/complications/diagnosis/physiopathology; Humans; Neurologic Examination; Papilledema/diagnosis/*pathology; Pseudotumor Cerebri/*diagnosis/etiology/physiopathology; Spinal Puncture; Tomography, X-Ray Computed",,"Adult; Cerebrospinal Fluid; Cranial Nerve Diseases; Female; Headache; Humans; Neurologic Examination; Papilledema; Pseudotumor Cerebri; Spinal Puncture; Tomography, X-Ray Computed",Case Reports; Letter,10.1136/jnnp.55.6.510,55,6,0022-3050 (Print); 1468-330X (Electronic); 0022-3050 (Linking),510-1,PubMed,
30200137,False localizing sign caused by schwannoma in cervical spinal canal at C1-2 level: A case report.,"RATIONALE: False localizing sign means that the lesion, which is the cause of the symptom, is remote or distant from the anatomical site predicted by neurological examination. This concept contradicts the classical clinicoanatomical correlation paradigm underlying neurological examinations. PATIENT CONCERNS: A 54-year-old man consulted for the right sciatica-like leg pain that had aggravated 1 year ago. Radiological examinations revealed degenerative spondylolisthesis with instability and right-sided recess stenosis at the L4-5 level. After initial improvement following 3 transforaminal epidural steroid injections with gabapentin and antidepressant medication, there was a recurrence of the symptoms a year later, along with wasting of the right leg for several months. Physical examination revealed difficulty in heel-walking and a weakness of extension of the right big toe; tendon reflexes were normal. Lumbar spine radiographs revealed no new findings. The initial course of treatment was repeated, but was ineffective. DIAGNOSES: Further cervicothoracic spine evaluations revealed a right-sided intradural-extramedullary mass and myelopathy at the C1-2 level. INTERVENTIONS: The cervical mass was surgically resected and identified histopathologically as a schwannoma. OUTCOMES: Immediately after surgery, sciatica-like pain and weakness of right leg were completely resolved. LESSONS: It is difficult to make an accurate diagnosis if there are symptoms caused by false localizing sign. Additionally, it is even more difficult to diagnose false localizing sign accurately when there is a co-existing lumbar lesion that can cause the similar symptoms.",2018,Medicine,Medicine (Baltimore),Park JM; Kim JH,"Park, Jun Mo; Kim, Ji Hyo",Park JM,"Department of Anesthesiology and Pain Medicine, School of Medicine, Kyungpook National University, Daegu, South Korea.",Cervical Vertebrae/*diagnostic imaging; Humans; Male; Middle Aged; Neurilemmoma/*diagnostic imaging/drug therapy/pathology/surgery; Pain/diagnostic imaging/drug therapy/etiology/surgery; Spinal Canal/*diagnostic imaging; Spinal Cord Neoplasms/*diagnostic imaging/drug therapy/pathology/surgery; Spondylolisthesis/*diagnostic imaging/drug therapy/pathology/surgery,,Cervical Vertebrae; Humans; Male; Middle Aged; Neurilemmoma; Pain; Spinal Canal; Spinal Cord Neoplasms; Spondylolisthesis,Case Reports; Journal Article,10.1097/md.0000000000012215,97,36,1536-5964 (Electronic); 0025-7974 (Print); 0025-7974 (Linking),e12215,PubMed,
11447537,Naloxone: a potential false localizing sign.,,2001,The American journal of emergency medicine,Am J Emerg Med,Song EK,"Song, E K",Song EK,,Cerebral Hemorrhage/*diagnosis; Diagnostic Errors; Drug Overdose/diagnosis; Humans; Male; Middle Aged; *Naloxone/pharmacology; *Narcotic Antagonists/pharmacology; Narcotics/*poisoning,,Cerebral Hemorrhage; Diagnostic Errors; Drug Overdose; Humans; Male; Middle Aged; Naloxone; Narcotic Antagonists; Narcotics,Case Reports; Letter,10.1053/ajem.2001.24469,19,4,0735-6757 (Print); 0735-6757 (Linking),331-2,PubMed,
41881482,Abducens nerve palsy as a false localising sign in spontaneous intracranial hypotension.,"Spontaneous intracranial hypotension (SIH) with the formation of a spinal longitudinal epidural collection (SLEC) is an important treatable cause of headache. Left untreated, neurological sequelae can include cranial neuropathy, superficial siderosis and brain-sagging dementia. We describe a male in his late 40s presenting with orthostatic low-pressure headache and binocular horizontal diplopia due to an isolated left abducens nerve palsy, a recognised false localising sign. Imaging revealed intracranial hypotension associated with a SLEC, attributed to a cervical osteophyte associated dural tear. An empirical lumbar epidural blood patching led to rapid clinical improvement and radiological resolution of the SLEC on follow-up imaging. This case highlights that abducens nerve palsy, traditionally considered a false localising sign of raised intracranial pressure, can occur in low-pressure states. Spinal imaging is crucial for identifying SLEC and guiding management, enabling prompt treatment to prevent severe neurological outcomes. We also review the causes, diagnosis and management of SIH.",2026,BMJ case reports,BMJ Case Rep,Rama Raj P; Pho H; Kopanidis P; Kok HK,"Rama Raj, Palaniraj; Pho, Helen; Kopanidis, Paul; Kok, Hong Kuan",Rama Raj P,"Department of Neurology, Northern Hospital, Epping, Victoria, Australia palaneraj@gmail.com. | Department of General Medicine, Shellharbour Hospital, Shellharbour, New South Wales, Australia. | Department of Neurology, Northern Hospital, Epping, Victoria, Australia. | Department of Neurology, Northern Hospital, Epping, Victoria, Australia. | Department of Radiology, Northern Hospital, Epping, Victoria, Australia.","Humans; *Intracranial Hypotension/complications/diagnostic imaging/therapy/diagnosis; *Abducens Nerve Diseases/etiology/diagnostic imaging/therapy/diagnosis; Male; Blood Patch, Epidural/methods; Diplopia/etiology; Headache/etiology; Magnetic Resonance Imaging; Diagnosis, Differential; Middle Aged; Osteophyte/complications/diagnostic imaging",Headache (including migraines); Interventional radiology; Neuroimaging; Neuroopthalmology; Radiology,"Humans; Intracranial Hypotension; Abducens Nerve Diseases; Male; Blood Patch, Epidural; Diplopia; Headache; Magnetic Resonance Imaging; Diagnosis, Differential; Middle Aged; Osteophyte; Headache (including migraines); Interventional radiology; Neuroimaging; Neuroopthalmology; Radiology",Case Reports; Journal Article,10.1136/bcr-2025-269404,19,3,1757-790X (Electronic); 1757-790X (Linking),,PubMed,
37350249,Cervical cord compression with lower limb sensory disturbance: three case reports and a literature review.,"Lower limb sensory disturbance can be a false localizing sign of cervical spondylotic myelopathy. It may lead to delayed or missed diagnosis, resulting in an inappropriate management plan, especially in the presence of concurrent lumbar lesions. Three Asian patients with lower limb sensory disturbance were ineffectively treated in the lumbar region. Magnetic resonance imaging showed cervical disc herniation and cervical spinal cord compression. The patients underwent anterior cervical discectomy and interbody fusion using a stand-alone cervical interbody fusion cage. Postoperative imaging showed that the spinal cord compression was relieved. On the first postoperative day, the lower limb sensory disturbance was also relieved. The patients showed good recovery at the 3-month postoperative follow-up. These three cases of cervical cord compression with lower limb sensory disturbance were easily misdiagnosed as lumbar spondylosis. Anterior cervical discectomy and fusion had a good therapeutic effect. Therefore, the presence of lower limb sensory disturbance in a non-radicular classic pattern should always raise suspicion of a possible cord compression at a higher level.",2023,The Journal of international medical research,J Int Med Res,Gao K; Cao Y; Wu Y; Yu W; Liu W; Sun S,"Gao, Kun; Cao, Yafei; Wu, Yihong; Yu, Weiji; Liu, Weidong; Sun, Shufen",Gao K,"Department of Orthopedics and Traumatology, Shenzhen Traditional Chinese Medicine Hospital, Shenzhen, China. | Department of Orthopedics and Traumatology, Shenzhen Traditional Chinese Medicine Hospital, Shenzhen, China. | Department of Orthopedics and Traumatology, Shenzhen Traditional Chinese Medicine Hospital, Shenzhen, China. | Department of Orthopedics and Traumatology, Shenzhen Traditional Chinese Medicine Hospital, Shenzhen, China. | Department of Orthopedics and Traumatology, Shenzhen Traditional Chinese Medicine Hospital, Shenzhen, China. | Department of Orthopedics and Traumatology, Shenzhen Traditional Chinese Medicine Hospital, Shenzhen, China.",Humans; *Spinal Cord Compression/diagnosis/diagnostic imaging; *Cervical Cord; *Spondylosis/complications/diagnostic imaging/surgery; *Spinal Cord Diseases/surgery; Magnetic Resonance Imaging,Cervical spine; cervical spondylotic myelopathy; false localizing; lower limb sensory disturbance; magnetic resonance imaging; tract pain,Humans; Spinal Cord Compression; Cervical Cord; Spondylosis; Spinal Cord Diseases; Magnetic Resonance Imaging; Cervical spine; cervical spondylotic myelopathy; false localizing; lower limb sensory disturbance; magnetic resonance imaging; tract pain,Case Reports; Journal Article; Review,10.1177_03000605231178414 [pii],51,6,1473-2300 (Electronic); 0300-0605 (Print); 0300-0605 (Linking),3000605231178414,PubMed,
19557561,False localizing signs in traumatic brain injury.,"BACKGROUND: Hemiparesis ipsilateral to a mass-occupying lesion can be due to Kernohan-Woltman Notch Phenomenon (KWNP). This syndrome implies a false-localizing sign because clinical findings lead the examiner to an incorrect neuroanatomical diagnosis. The contralateral crus cerebri (pyramidal tract) is pressed against the tentorial incisum and a resultant hemiparesis is found on the same side of the lesion. REVIEW: A detailed literature search of false-localizing signs is presented. CONCLUSIONS: Not infrequently, patients presenting to a physiatrist may have incomplete records. The existence of false localizing signs may point the physician towards the wrong underlying pathology.",2009,Brain injury,Brain Inj,McKenna C; Fellus J; Barrett AM,"McKenna, Cristin; Fellus, Jonathan; Barrett, Anna M",McKenna C,"Kessler Institute for Rehabilitation, West Orange, NJ 07052, USA. cmckenna@kmrrec.org","Brain Injuries/*diagnosis/pathology/physiopathology; Clinical Competence/standards; Diagnosis, Differential; Humans; Paresis/*diagnosis/physiopathology",,"Brain Injuries; Clinical Competence; Diagnosis, Differential; Humans; Paresis",Journal Article,10.1080/02699050902973921,23,7,1362-301X (Electronic); 0269-9052 (Print); 0269-9052 (Linking),597-601,PubMed,
31513953,Cervical Myelopathy without Symptoms in the Upper Extremities: Incidence and Presenting Characteristics.,"BACKGROUND: Common signs and symptoms of cervical myelopathy (CM) predominantly manifest in the upper extremities and include hand numbness, hand clumsiness, and distal upper extremity weakness. CM manifesting without symptoms in the upper extremities is rare. This study aimed to better understand the incidence and character of such cases. METHODS: A retrospective review of surgeries for CM from disc herniation, spondylosis, or ossification of posterior longitudinal ligament over a 12-year period was performed to identify patients presenting without symptoms in the upper extremities. RESULTS: Of 982 surgically treated patients with CM, 12 (1.2%) had no upper extremity symptoms. All had difficulty ambulating, and 7 of 12 (58%) patients had objective lower extremity weakness. Ten (83%) patients had a history of lumbar degenerative disease. On sensory examination, 4 (33%) patients had a discernible midthoracic pin level, 3 (25%) had loss of sensation from the upper leg and genital area down, and 2 (17%) had only genital/upper thigh area sensory loss. All patients demonstrated neurologic improvement after decompressive surgery. CONCLUSIONS: Patients with CM may rarely present without symptoms in the upper extremities, presenting with numbness perceived from the upper trunk, waist area, or perineum and legs in addition to leg weakness and gait difficulty. All patients had cervical cord compression at either C5-6 or C6-7 level, accounting for 1% of all patients undergoing cervical surgery. Awareness of this atypical pattern of presentation may aid in clinical assessment of a subset of patients with cervical cord compression.",2019,World neurosurgery,World Neurosurg,Houten JK; Pasternack J; Norton RP,"Houten, John K; Pasternack, Jordan; Norton, Robert P",Houten JK,"Department of Orthopedic Surgery, Maimonides Medical Center, Brooklyn, New York, USA; Department of Neurosurgery, Maimonides Medical Center, Brooklyn, New York, USA; Department of Neurosurgery, Hofstra Northwell School of Medicine, Manhasset, New York, USA. Electronic address: jkhmd@yahoo.com. | Department of Orthopedic Surgery, Maimonides Medical Center, Brooklyn, New York, USA. | Department of Surgery, Florida Atlantic University Charles E. Schmidt College of Medicine, Boca Raton, Florida, USA.","Adult; Aged; Cervical Vertebrae/diagnostic imaging/*surgery; Decompression, Surgical; Female; Humans; Hypesthesia/etiology; Incidence; Intervertebral Disc Degeneration/complications; Magnetic Resonance Imaging; Male; Middle Aged; Mobility Limitation; Muscle Weakness/etiology; Retrospective Studies; Spinal Cord Compression/diagnosis/epidemiology/surgery; Spinal Cord Diseases/diagnosis/epidemiology/*surgery; Treatment Outcome; *Upper Extremity",Cervical myelopathy; Cervical spine surgery; False localizing sign; Neurologic examination; Presenting symptoms; Sensory level; Spinal cord,"Adult; Aged; Cervical Vertebrae; Decompression, Surgical; Female; Humans; Hypesthesia; Incidence; Intervertebral Disc Degeneration; Magnetic Resonance Imaging; Male; Middle Aged; Mobility Limitation; Muscle Weakness; Retrospective Studies; Spinal Cord Compression; Spinal Cord Diseases; Treatment Outcome; Upper Extremity; Cervical myelopathy; Cervical spine surgery; False localizing sign; Neurologic examination; Presenting symptoms; Sensory level; Spinal cord",Comparative Study; Journal Article,10.1016/j.wneu.2019.08.231,132,,1878-8769 (Electronic); 1878-8750 (Linking),e162-e168,PubMed,
3696419,Contralateral neuralgia as a false localizing sign.,,1987,Neurosurgery,Neurosurgery,Ramamurthi B,"Ramamurthi, B",Ramamurthi B,,"Brain Neoplasms/*physiopathology; Brain Stem/physiopathology; Dominance, Cerebral/*physiology; Humans; Trigeminal Nerve/physiopathology; Trigeminal Neuralgia/*physiopathology",,"Brain Neoplasms; Brain Stem; Dominance, Cerebral; Humans; Trigeminal Nerve; Trigeminal Neuralgia",Letter,10.1097/00006123-198711000-00035,21,5,0148-396X (Print); 0148-396X (Linking),760,PubMed,
1744854,Bilateral internuclear ophthalmoplegia as a false localizing sign.,,1991,Journal of the Royal Society of Medicine,J R Soc Med,Bakheit AM; Behan PO; Melville ID,"Bakheit, A M; Behan, P O; Melville, I D",Bakheit AM,"Glasgow University Department of Neurology, General Hospital.",Adult; Humans; Male; Myasthenia Gravis/*complications/therapy; Ophthalmoplegia/*etiology/therapy; Plasma Exchange; Pyridostigmine Bromide/therapeutic use; Thymectomy,,Adult; Humans; Male; Myasthenia Gravis; Ophthalmoplegia; Plasma Exchange; Pyridostigmine Bromide; Thymectomy,Case Reports; Journal Article,10.1177/014107689108401024,84,10,0141-0768 (Print); 0141-0768 (Linking),627,PubMed,
12021944,Clinical features of the localized girdle sensation of mid-trunk (false localizing sign) appeared in cervical compressive myelopathy patients.,"Cervical compressive myelopathy patients sometimes show localized girdle sensation in the mid trunk (so-called false localizing sign). This symptom often confuses physicians, but the clinical features and mechanism of this symptom are still unclear. We investigated the clinical features and possible mechanism. In each of five cases of cervical compressive myelopathy disease with and without mid-truncal girdle sensation, the clinical features, degree and shape of cord compression were analysed. The girdle sensation was expressed as a vague or burning sensation, and was localized with a width of 3 or 4 dermatomes from the T3 to T11 level. There was no correlation between the appearance of the girdle sensation and etiology and level of cervical cord compression. Pyramidal tract signs and disturbance of superficial sensation were observed in all cases. Furthermore, on axial MRI, the midline ventral surface of the cervical cord was remarkably compressed in cases with girdle sensation, as if the compressive lesion entered the anterior medial fissure of the cervical cord. From these findings, this false localizing sign may be caused by severe compression of midline ventral structure of the cervical cord. Ischemia of the thoracic watershed zone of the anterior spinal artery from the compression of the anterior spinal artery at the cervical level might also be considered to be a possible cause.",2002,Journal of neurology,J Neurol,Ochiai H; Yamakawa Y; Minato S; Nakahara K; Nakano S; Wakisaka S,"Ochiai, Hidenobu; Yamakawa, Yuzo; Minato, Seiichiro; Nakahara, Keiichi; Nakano, Shinichi; Wakisaka, Shinichiro",Ochiai H,"Department of Neurosurgery, Miyazaki Medical College, 5200, Kihara, Kiyotake, Miyazaki 889-1692, Japan. hochiai@fc.miyazaki-med.ac.jp","Adult; Age Factors; Aged; Cervical Vertebrae/*pathology; Diagnosis, Differential; Female; Humans; Illusions/*physiology; Intervertebral Disc Displacement/complications/pathology/physiopathology; Magnetic Resonance Imaging; Male; Middle Aged; Neural Pathways/injuries/pathology/physiopathology; Ossification of Posterior Longitudinal Ligament/complications/pathology/physiopathology; Pain/*etiology/pathology/*physiopathology; Sex Factors; Somatosensory Disorders/pathology/*physiopathology; Spinal Canal/*pathology; Spinal Cord/blood supply/pathology/*physiopathology; Spinal Cord Compression/pathology/*physiopathology; Statistics as Topic",,"Adult; Age Factors; Aged; Cervical Vertebrae; Diagnosis, Differential; Female; Humans; Illusions; Intervertebral Disc Displacement; Magnetic Resonance Imaging; Male; Middle Aged; Neural Pathways; Ossification of Posterior Longitudinal Ligament; Pain; Sex Factors; Somatosensory Disorders; Spinal Canal; Spinal Cord; Spinal Cord Compression; Statistics as Topic",Journal Article,10.1007/s004150200063,249,5,0340-5354 (Print); 0340-5354 (Linking),549-53,PubMed,
30363753,Muscle Contraction as a False Localizing Sign During Intraoperative Macrostimulation of Subthalamic Nucleus.,,2015,Movement disorders clinical practice,Mov Disord Clin Pract,Pal GD; Sani S; Verhagen L,"Pal, Gian D; Sani, Sepehr; Verhagen, Leo",Pal GD,Department of Neurological Sciences Rush University Medical Center Chicago Illinois USA. | Department of Neurosurgery Rush University Medical Center Chicago Illinois USA. | Department of Neurological Sciences Rush University Medical Center Chicago Illinois USA.,,DBS; Parkinson disease; STN; macrostimulation,DBS; Parkinson disease; STN; macrostimulation,Case Reports; Journal Article,10.1002/mdc3.12137,2,1,2330-1619 (Electronic); 2330-1619 (Linking),64-65,PubMed,
8441953,Optic disc pallor: a false localizing sign.,"A 20-year-old pregnant woman was referred with bilateral mild visual acuity loss and optic disc pallor. Because of profound color vision deficits out of proportion to her acuity loss, an abnormality of the cone photoreceptors was suspected. An electroretinogram confirmed the diagnosis of a cone dystrophy and precluded further costly and invasive testing. Cone dystrophy should be considered in the differential diagnosis of any patient with bilateral, nonrefractive visual loss, especially if color vision is disproportionately affected, even with a normal retinal appearance and no significant family history.",1993,Survey of ophthalmology,Surv Ophthalmol,Newman NJ,"Newman, N J",Newman NJ,"Department of Ophthalmology, Emory University School of Medicine, Atlanta, Georgia.",Adult; Atrophy; Color Vision Defects/diagnosis; Electroretinography; Female; Fundus Oculi; Humans; Optic Disk/*pathology; Optic Nerve Diseases/diagnosis; Photoreceptor Cells/*pathology; Retinal Degeneration/*diagnosis; Visual Field Tests; Visual Fields,,Adult; Atrophy; Color Vision Defects; Electroretinography; Female; Fundus Oculi; Humans; Optic Disk; Optic Nerve Diseases; Photoreceptor Cells; Retinal Degeneration; Visual Field Tests; Visual Fields,"Case Reports; Clinical Conference; Journal Article; Research Support, Non-U.S. Gov't",10.1016/0039-6257(93)90010-5,37,4,0039-6257 (Print); 0039-6257 (Linking),273-82,PubMed,
35410158,Godtfredsen syndrome - recurrent clival chondrosarcoma with 6 years follow up: a case report and literature review.,"BACKGROUND: We report a rare case of Godtfredsen syndrome caused by clival chondrosarcoma and perform a review of literatures. This article also explains the clinico-anatomical correlation of this rare neurological syndrome. CASE PRESENTATION: A 22-year-old gentleman presented with binocular diplopia. Clinical examination revealed an isolated right abducent nerve and right hypoglossal nerve palsy, with other cranial nerves intact. Neuroimaging revealed a right clival mass. Supraorbital craniotomy and tumour debulking were done in the same year. Histopathological examination showed low-grade chondrosarcoma. After 5-years of default, he came back with the tumour enlarged. He underwent a right orbitozygomatic craniotomy and tumour excision with 33 cycles of radiotherapy. Despite two surgeries and radiotherapy, the abducent nerve and hypoglossal nerve did not improve throughout 6 years of follow-up. Cranial nerve VI palsy is not always a false localizing sign, in Godtfredsen syndrome it serves as a localizing sign. CONCLUSION: To the best of our knowledge, this is the first case report of Godtfredsen Syndrome secondary to clival chondrosarcoma. Cranial nerve VI and XII palsy with no involvement of other cranial nerves, most likely the pathology is located at the clivus.",2022,BMC neurology,BMC Neurol,Wai YZ; Chong YY; Dusa NM; Lai YP; Lim LT,"Wai, Yong Zheng; Chong, Yong Yuin; Dusa, Noraini Mohd; Lai, Yin Peng; Lim, Lik Thai",Wai YZ,"Ophthalmology Department, Kuala Lumpur Hospital, Kuala Lumpur, Malaysia. | Ophthalmology Department, Ampang Hospital, Ampang Jaya, Malaysia. | Pathology Department, Kuala Lumpur Hospital, Kuala Lumpur, Malaysia. | Ophthalmology Department, Kuala Lumpur Hospital, Kuala Lumpur, Malaysia. | Universiti Malaysia Sarawak (UNIMAS), Kota Samarahan, Sarawak, Malaysia. ltlim@unimas.my.","*Abducens Nerve Diseases/diagnosis/etiology/surgery; Adult; *Bone Neoplasms; *Chondrosarcoma/diagnosis/diagnostic imaging; Cranial Fossa, Posterior/diagnostic imaging/surgery; Humans; Male; Neoplasm Recurrence, Local; Syndrome; Young Adult",Clival chondrosarcoma; Clival syndrome; Godtfredsen syndrome,"Abducens Nerve Diseases; Adult; Bone Neoplasms; Chondrosarcoma; Cranial Fossa, Posterior; Humans; Male; Neoplasm Recurrence, Local; Syndrome; Young Adult; Clival chondrosarcoma; Clival syndrome; Godtfredsen syndrome",Case Reports; Journal Article; Review,10.1186/s12883-022-02654-w [pii],22,1,1471-2377 (Electronic); 1471-2377 (Linking),134,PubMed,
8620154,False localising signs in the spinal cord.,,1996,BMJ (Clinical research ed.),BMJ,Goddard P; Wakeley C; Cook A,"Goddard, P; Wakeley, C; Cook, A",Goddard P,,Humans; Magnetic Resonance Imaging; Sensitivity and Specificity; Spinal Cord Compression/*diagnosis,,Humans; Magnetic Resonance Imaging; Sensitivity and Specificity; Spinal Cord Compression,Comment; Letter,10.1136/bmj.312.7039.1160a,312,7039,0959-8138 (Print); 1468-5833 (Electronic); 0959-8138 (Linking),1160,PubMed,
17408851,Paradoxical fixed dilatation of the contralateral pupil as a false-localizing sign in intraparenchymal frontal hemorrhage.,"Unilateral fixed pupillary dilatation represents an important clinical sign of transtentorial herniation of an ipsilateral mass lesion. Rarely the contralateral pupil is affected to produce a false-localizing sign. Two cases of this paradoxical contralateral fixed pupillary dilatation involving intra-axial lesions have been reported. We report a case of a 33-year-old man with a left frontal intraparenchymal hemorrhage who developed a false localizing fixed dilatation of his right pupil, which resolved after craniotomy and evacuation of the clot. The possible mechanisms of contralateral third nerve palsy are discussed.",2007,Clinical neurology and neurosurgery,Clin Neurol Neurosurg,Chung KH; Chandran KN,"Chung, K H Carlos; Chandran, K Nadana",Chung KH,"Department of Neurosurgery, The Canberra Hospital, PO Box 11, Woden, ACT 2606, Australia. cchung@med.usyd.edu.au","Adult; Anisocoria/diagnosis/*etiology; Diagnosis, Differential; Dominance, Cerebral/*physiology; Frontal Lobe/*injuries/surgery; Glasgow Coma Scale; Head Injuries, Closed/*diagnosis/surgery; Hematoma/*diagnosis/surgery; Humans; Intracranial Hemorrhage, Traumatic/*diagnosis/surgery; Male; *Neurologic Examination; Tomography, X-Ray Computed",,"Adult; Anisocoria; Diagnosis, Differential; Dominance, Cerebral; Frontal Lobe; Glasgow Coma Scale; Head Injuries, Closed; Hematoma; Humans; Intracranial Hemorrhage, Traumatic; Male; Neurologic Examination; Tomography, X-Ray Computed",Case Reports; Journal Article,10.1016/j.clineuro.2007.02.002,109,5,0303-8467 (Print); 0303-8467 (Linking),455-7,PubMed,
21716868,Marcus Gunn phenomenon with abducens palsy: As pseudo-false localizing signs.,,2011,Journal of neurosciences in rural practice,J Neurosci Rural Pract,Baldia M; Premlal K; Menon B; Samson SK,"Baldia, Manish; Premlal, Kv; Menon, Bindu; Samson, Sujit Kumar G",Baldia M,"Department of Neurosurgery, Narayana Medical College and Hospital, Chintareddypalem, Nellore, AP, India.",,,,Journal Article,10.4103/0976-3147.80086,2,1,0976-3155 (Electronic); 0976-3147 (Print); 0976-3155 (Linking),101-2,PubMed,
26000183,Ruptured Arteriovenous Malformation Presenting with Kernohan's Notch.,"AVMs are congenital lesions that predispose patients to intracranial hemorrhage and resultant neurological deficits. These deficits are often focal and due to the presence of local neurologic disruption from hemorrhage in the contralateral cerebral hemisphere. We present a rare case of a patient with ipsilateral neurological deficits due to Kernohan's Notch phenomenon resulting from hemorrhage from an AVM. A 31-year-old woman with seizures underwent MR and angiographic imaging which confirmed an unruptured left parietal AVM. The patient declined treatment and presented with obtundation 4 years later. Imaging revealed an acute left parietal ICH and SDH with significant mass effect. The patient underwent emergent hemicraniectomy and hematoma evacuation. Postoperatively, she made significant improvement and was following commands contralaterally with ipsilateral hemiplegia. MR imaging revealed right Kernohan's Notch. The patient had significant rehabilitation with neurological improvement. She eventually underwent elective embolization followed by subsequent surgical resection and bone replacement. Three years from the initial hemorrhage, the patient had only mild left-sided weakness and ambulates without assistance. A false localizing sign, Kernohan's Notch phenomenon, should be considered in the setting of AVM hemorrhage with paradoxical motor impairment and can be identified through MRI.",2015,Case reports in neurological medicine,Case Rep Neurol Med,Dibble CF; Wemhoff MP; Ibrahim T; Sasaki-Adams D; Solander S; Germanwala AV,"Dibble, Christopher F; Wemhoff, Michael P; Ibrahim, Tarik; Sasaki-Adams, Deanna; Solander, Sten; Germanwala, Anand V",Dibble CF,"Department of Neurological Surgery, University of North Carolina School of Medicine, Chapel Hill, NC 27514, USA. | Department of Neurological Surgery, Loyola University School of Medicine, Maywood, IL 60153, USA. | Department of Neurological Surgery, Loyola University School of Medicine, Maywood, IL 60153, USA. | Department of Neurological Surgery, University of North Carolina School of Medicine, Chapel Hill, NC 27514, USA. | Department of Radiology, University of North Carolina School of Medicine, Chapel Hill, NC 27514, USA. | Department of Neurological Surgery, Loyola University School of Medicine, Maywood, IL 60153, USA ; Edward Hines, Jr. VA Medical Center, Hines, IL 60141, USA.",,,,Journal Article,10.1155/2015/921930,2015,,2090-6668 (Print); 2090-6676 (Electronic); 2090-6676 (Linking),921930,PubMed,
34521743,Wall eyed bilateral internuclear ophthalmoplegia (WEBINO) syndrome as a false localising sign in intracranial haemorrhage due to snake bite.,"A 48-year-old woman presented with sudden-onset altered sensorium 2 days after a snake bite (unidentified species) and was found to have a large right frontal intracerebral haemorrhage (ICH) with transtentorial herniation (TTH) causing brain stem compression. A day later, neurological examination revealed internuclear ophthalmoplegia (INO) fitting the clinical description of wall eyed bilateral INO syndrome. INO is a rare ocular motor sign, the most common causes being brain stem infarction, haemorrhage or demyelinating disease. It rarely acts as a false localising sign, such as in this case, and in an even rarer cause for ICH, that is, haemotoxic snake bite without initial evidence of coagulopathy. An emphasis needs to be laid on detailed physical examination, often considered a lost art nowadays, to help detect subtle clinical signs which could herald ominous complications of conditions like TTH and help in early diagnosis and treatment of the same.",2021,BMJ case reports,BMJ Case Rep,Sinha S; Naik BB; Ghanekar J,"Sinha, Shruti; Naik, Bhaimangesh Bhanudas; Ghanekar, Jaishree",Sinha S,"Internal Medicine, Mahatma Gandhi Mission's Medical College Kamothe, Navi Mumbai, Maharashtra, India sinhashruti06@gmail.com. | Internal Medicine, Mahatma Gandhi Mission's Medical College Kamothe, Navi Mumbai, Maharashtra, India. | Internal Medicine, Mahatma Gandhi Mission's Medical College Kamothe, Navi Mumbai, Maharashtra, India.",*Brain Stem Infarctions; Female; Humans; Intracranial Hemorrhages/diagnostic imaging/etiology; Middle Aged; *Ocular Motility Disorders/diagnosis/etiology; *Ophthalmoplegia/diagnosis/etiology; *Snake Bites/complications; Syndrome,brain stem / cerebellum; cranial nerves; emergency medicine; neurology,Brain Stem Infarctions; Female; Humans; Intracranial Hemorrhages; Middle Aged; Ocular Motility Disorders; Ophthalmoplegia; Snake Bites; Syndrome; brain stem; cranial nerves; emergency medicine; neurology,Case Reports; Journal Article,10.1136/bcr-2021-244830,14,9,1757-790X (Electronic); 1757-790X (Linking),,PubMed,
8089685,Initial enlargement of the opposite pupil as a false localising sign in intraparenchymal frontal haemorrhage.,"Ipsilateral third nerve palsy with early pupillary enlargement is an important sign of transtentorial herniation from a supratentorial mass lesion. A case of frontal, intraparenchymal haemorrhage is reported in which the first ocular manifestation of transtentorial herniation was enlargement of the contralateral pupil. The ipsilateral pupil dilated only after complete oculomotor palsy of the contralateral eye. After partial frontal lobectomy and removal of blood clot, the ipsilateral third nerve recovered before the contralateral third nerve. Clinical findings localised the contralateral third nerve lesion to an extra-axial site. The possible mechanisms of contralateral third nerve compression are discussed. This seems to be the first example of pupillary enlargement as a false localising sign from a contralateral, supratentorial, intraparenchymal mass lesion.",1994,"Journal of neurology, neurosurgery, and psychiatry",J Neurol Neurosurg Psychiatry,Chen R; Sahjpaul R; Del Maestro RF; Assis L; Young GB,"Chen, R; Sahjpaul, R; Del Maestro, R F; Assis, L; Young, G B",Chen R,"Department of Clinical Neurological Sciences, University of Western Ontario, London, Canada.","Adult; Cerebral Hemorrhage/*physiopathology; Frontal Lobe/diagnostic imaging/*physiopathology; Functional Laterality; Humans; Male; Pupil/*physiology; Tomography, X-Ray Computed",,"Adult; Cerebral Hemorrhage; Frontal Lobe; Functional Laterality; Humans; Male; Pupil; Tomography, X-Ray Computed",Case Reports; Journal Article,10.1136/jnnp.57.9.1126,57,9,0022-3050 (Print); 1468-330X (Electronic); 0022-3050 (Linking),1126-8,PubMed,
40480035,Cerebellopontine angle epidermoids presenting with contralateral symptomatology: A distinct perspective on false localising signs.,"Cerebellopontine angle epidermoids (CPAE) are known to present irritative symptoms due to the adjacent tumour or compressive symptoms due to direct contact and compression by the tumour. Presentation due to contralateral structural involvement has not yet been highlighted in these cases. Our aims & objectives are to evaluate patients of CPAE presenting with contralateral symptoms and to compare this subset with patients presenting with ipsilateral symptoms. This study is a retrospective analysis of patients who underwent surgery over the last 22 years for CPAE. Several parameters were taken into consideration for assessment of above objectives. Appropriate statistical tests were applied and ap-value of less than 0.05 was considered statistically significant. A total of 105 patients were included, out of which 27 patients (25.7 %) presented with symptoms of contralateral structural involvement. The most common CN with bilateral involvement were the lower cranial nerves (n = 7, 25.9 %) and most common contralateral CN involved was CN VII (n = 6, 22.2 %). On comparison with the cohort of ipsilateral structural involvement (n = 78, 74.3 %), a comparatively lower incidence of contra-/bilateral LCN involvement (p-value 0.026), ipsi-/bilateral motor deficit (p-value < 0.00001) and contra-/bilateral brainstem structures involvement (p-value < 0.00001) was observed. It isn't uncommon for CPAE to present with contralateral symptomatology as nearly one-fourth cases of our series exhibited the same. Our research adds to the small pool of studies describing contralateral symptomatology in CPAE and is the first to describe various deficits (other than trigeminal neuralgia) with a comparative analysis.",2025,Journal of clinical neuroscience : official journal of the Neurosurgical Society of Australasia,J Clin Neurosci,Datta A; Kumar A; Srivastava AK; Bhaisora KS; Das KK; Mehrotra A; Maurya VP; Verma PK; Jaiswal AK,"Datta, Aanchal; Kumar, Ashutosh; Srivastava, Arun Kumar; Bhaisora, Kamlesh Singh; Das, Kuntal Kanti; Mehrotra, Anant; Maurya, Ved Prakash; Verma, Pawan Kumar; Jaiswal, Awadhesh Kumar",Datta A,"Department of Neurosurgery, Sanjay Gandhi Postgraduate Institute of Medical Sciences, Lucknow, Uttar Pradesh 226014, India. | Department of Neurosurgery, Sanjay Gandhi Postgraduate Institute of Medical Sciences, Lucknow, Uttar Pradesh 226014, India. Electronic address: draashutoshkumarr@gmail.com. | Department of Neurosurgery, Sanjay Gandhi Postgraduate Institute of Medical Sciences, Lucknow, Uttar Pradesh 226014, India. | Department of Neurosurgery, Sanjay Gandhi Postgraduate Institute of Medical Sciences, Lucknow, Uttar Pradesh 226014, India. | Department of Neurosurgery, Sanjay Gandhi Postgraduate Institute of Medical Sciences, Lucknow, Uttar Pradesh 226014, India. | Department of Neurosurgery, Sanjay Gandhi Postgraduate Institute of Medical Sciences, Lucknow, Uttar Pradesh 226014, India. | Department of Neurosurgery, Sanjay Gandhi Postgraduate Institute of Medical Sciences, Lucknow, Uttar Pradesh 226014, India. | Department of Neurosurgery, Sanjay Gandhi Postgraduate Institute of Medical Sciences, Lucknow, Uttar Pradesh 226014, India. | Department of Neurosurgery, Sanjay Gandhi Postgraduate Institute of Medical Sciences, Lucknow, Uttar Pradesh 226014, India.",Humans; Male; Female; Middle Aged; Retrospective Studies; Adult; *Cerebellopontine Angle/surgery/pathology; Aged; Young Adult; *Epidermal Cyst/surgery/complications/diagnosis; Adolescent,Cerebellopontine angle; Contralateral symptoms; False localising signs; Posterior fossa epidermoid,Humans; Male; Female; Middle Aged; Retrospective Studies; Adult; Cerebellopontine Angle; Aged; Young Adult; Epidermal Cyst; Adolescent; Cerebellopontine angle; Contralateral symptoms; False localising signs; Posterior fossa epidermoid,Journal Article,10.1016/j.jocn.2025.111353,138,,1532-2653 (Electronic); 0967-5868 (Linking),111353,PubMed,
3808248,Contralateral trigeminal neuralgia as a false localizing sign in intracranial tumors.,"Three cases of contralateral trigeminal neuralgia as a false localizing sign in intracranial tumors are reported. In each patient (meningioma, 2 cases; cholesteatoma, 1 case) the tumor was asymptomatic, so that intracranial tumor had not been suspected preoperatively. In all cases, tumors were large and firm. The tumor was supratentorial in two cases. In one case, a cortically mediated mechanism may have caused the neuralgia, whereas in the remaining two cases distortion and displacement of the brain stem and compression of the contralateral Meckel's cave would explain the trigeminal nerve signs.",1987,Neurosurgery,Neurosurgery,Florensa R; Llovet J; Pou A; Galitó E; Vilato J; Colet S,"Florensa, R; Llovet, J; Pou, A; Galitó, E; Vilato, J; Colet, S",Florensa R,,"Adult; Aged; Brain Diseases/diagnosis/diagnostic imaging; Brain Neoplasms/*diagnosis/diagnostic imaging; Cholesteatoma/diagnosis/diagnostic imaging; Diagnosis, Differential; False Positive Reactions; Female; Humans; Male; Meningioma/*diagnosis/diagnostic imaging; Middle Aged; Tomography, X-Ray Computed; Trigeminal Neuralgia/*diagnosis/diagnostic imaging",,"Adult; Aged; Brain Diseases; Brain Neoplasms; Cholesteatoma; Diagnosis, Differential; False Positive Reactions; Female; Humans; Male; Meningioma; Middle Aged; Tomography, X-Ray Computed; Trigeminal Neuralgia",Case Reports; Journal Article,10.1227/00006123-198701000-00001,20,1,0148-396X (Print); 0148-396X (Linking),1-3,PubMed,
11846921,Unilateral fixed dilation of the pupil as a false-localizing sign with intracranial hemorrhage: case report and literature review.,"OBJECTIVE AND IMPORTANCE: Although other focal signs may prove ""false localizing,"" it is a neurosurgical axiom that unilateral fixed dilation of the pupil occurs ipsilateral to a supratentorial mass. CLINICAL PRESENTATION: A 25-year-old man collapsed with a dense right hemiplegia and a Glasgow Coma Scale score of 6 (eye opening, 1; motor, 4; verbal, 1) after rupture of a left middle cerebral artery aneurysm associated with an intrasylvian hematoma. Initially, both pupils had remained equal-sized and reactive: however, within hours, the right (contralateral) pupil became fixed and dilated (i.e., false localizing). For some time, the left (ipsilateral) pupil remained small and reactive; at emergency craniotomy, this also became fixed and equally dilated. INTERVENTION: After evacuation of the clot and wrapping of the aneurysm, both pupils rapidly became equal-sized and reactive. Twenty-four hours later, concurrent with massive left hemispheric swelling and a midline shift, the left (ipsilateral) pupil became unilaterally fixed and dilated (i.e., false localizing). Eventually, the right (contralateral) pupil also became fixed and dilated, concurrent with cardiovascular collapse. Death occurred within 10 hours. CONCLUSION: Unilateral fixed dilation of the pupil in patients with hemispheric mass lesions may be false localizing. Furthermore, disparate ""herniating mechanisms"" can arise despite mass effect emanating from the same side. Because such mechanisms cannot be witnessed, their nature remains speculative. An extensive review is contained in this article.",2001,Neurosurgery,Neurosurgery,Marshman LA; Polkey CE; Penney CC,"Marshman, L A; Polkey, C E; Penney, C C",Marshman LA,"Department of Neurosurgery, King's College Hospital, Denmark Hill, London SE5 9RS, England. marshman@btinternet.com","Adult; Aneurysm, Ruptured/*diagnosis; Brain/pathology; Cerebral Hemorrhage/*diagnosis; Cerebral Infarction/diagnosis; Diagnosis, Differential; Dominance, Cerebral/physiology; Fatal Outcome; Hemiplegia/etiology; Humans; Intracranial Aneurysm/*diagnosis; Male; Pupil Disorders/*etiology; Tomography, X-Ray Computed",,"Adult; Aneurysm, Ruptured; Brain; Cerebral Hemorrhage; Cerebral Infarction; Diagnosis, Differential; Dominance, Cerebral; Fatal Outcome; Hemiplegia; Humans; Intracranial Aneurysm; Male; Pupil Disorders; Tomography, X-Ray Computed",Case Reports; Journal Article,10.1097/00006123-200111000-00045,49,5,0148-396X (Print); 0148-396X (Linking),1251-5; discussion 1255-6,PubMed,
42253616,Electroacupuncture for girdle sensation following spinal cord injury as a false localizing sign: a case series.,"BACKGROUND: Girdle sensation is a distressing false localizing sign that may occur following cervical spinal cord injury (SCI), often presenting as circumferential trunk constriction with burning pain and sleep disturbance. Effective treatments for this condition remain limited. CASE SUMMARY: This case series describes two male patients (aged 52 and 45 years) who presented with girdle sensation following spinal cord injury. As symptoms were refractory to conventional pharmacological management with antispasmodics and analgesics, both patients underwent electroacupuncture (EA) at bilateral LU7 (Lieque), SI3 (Houxi), LI10 (Shousanli), and LI11 (Quchi). Symptom intensity and associated sleep disturbances were quantified utilizing the Visual Analogue Scale (VAS) and the Sleep Dysfunction Rating Scale (SDRS). OUTCOMES: Both patients reported immediate relief from the girdle sensation following the initial electroacupuncture (EA) session. Over the two-week treatment course, VAS and SDRS scores decreased progressively, reflecting sustained pain reduction and enhanced sleep. No adverse events were observed. CONCLUSION: This case series suggests that electroacupuncture is a promising non-pharmacological therapy for managing post-SCI girdle sensation. However, rigorous randomized controlled trials are warranted to validate its clinical efficacy and elucidate the underlying neuromodulatory mechanisms.",2026,"Frontiers in pain research (Lausanne, Switzerland)",Front Pain Res (Lausanne),Gao Y; Su X; Yang Y; Liu Q; Jing S; Liu M,"Gao, Yuan; Su, Xinyi; Yang, Yang; Liu, Qiang; Jing, Shan; Liu, Minke",Gao Y,"Department of Acupuncture and Moxibustion, Zhejiang Rehabilitation Medical Center, Hangzhou, Zhejiang, China. | Department of Rehabilitation, West China Hospital of Sichuan University, Chengdu, Sichuan, China. | The Third Clinical Medical College, Zhejiang Chinese Medical University, Hangzhou, Zhejiang, China. | Department of Cardiopulmonary Rehabilitation, Zhejiang Rehabilitation Medical Center, Hangzhou, Zhejiang, China. | Department of Cardiopulmonary Rehabilitation, Zhejiang Rehabilitation Medical Center, Hangzhou, Zhejiang, China. | Department of Neurorehabilitation, Zhejiang Rehabilitation Medical Center, Hangzhou, Zhejiang, China. | Neurointerventional Department, The Affiliated Hospital of Gansu University of Chinese Medicine, Lanzhou, Gansu, China. | Encephalopathy Center, Affiliated Hospital of Gansu University of Traditional Chinese Medicine, Lanzhou, Gansu, China.",,below-level neuropathic pain; electrocupuncture; false localizing sign; girdle sensation; spinal cord injury,below-level neuropathic pain; electrocupuncture; false localizing sign; girdle sensation; spinal cord injury,Case Reports; Journal Article,10.3389/fpain.2026.1794414,7,,2673-561X (Electronic); 2673-561X (Print); 2673-561X (Linking),1794414,PubMed,
20829324,Seventh nerve palsy as a false localizing sign in benign intracranial hypertension.,,2010,Journal of the Royal Society of Medicine,J R Soc Med,Kearsey C; Fernando P; Benamer HT; Buch H,"Kearsey, Christopher; Fernando, Prabhath; Benamer, Hani T S; Buch, Harit",Kearsey C,"Royal Wolverhampton NHS Trust - General Medicine, New Cross Hospital Wolverhampton, UK. cck1@doctors.org.uk","Diagnosis, Differential; Facial Paralysis/*diagnosis/etiology; Female; Humans; Pseudotumor Cerebri/complications/*diagnosis/drug therapy; Young Adult",,"Diagnosis, Differential; Facial Paralysis; Female; Humans; Pseudotumor Cerebri; Young Adult",Case Reports; Journal Article,10.1258/jrsm.2010.100049,103,10,1758-1095 (Electronic); 0141-0768 (Print); 0141-0768 (Linking),412-4,PubMed,
27795862,Malignant Hypertensive Retinopathy in an Infant with Mid-Aortic Occlusion.,"Purpose. Case report describing an eight-month-old infant presenting with intermittent esotropia and irritability who was found to have malignant (grade 4) hypertensive retinopathy and mid-aortic syndrome. Methods. Visual acuity was 6/140 in the right eye and not recordable in the left eye. Blood pressure was as high as 230/120 mmHg. Fundoscopy revealed bilateral optic disc swelling, macular stars, and serous retinal detachment in the left eye, findings that are consistent with malignant (grade 4) hypertensive retinopathy. CT abdominal angiogram revealed a severe mid-aortic syndrome with occlusion of the abdominal aorta at T12. Results. The patient was treated with medical management of his hypertension, improving the subretinal exudate. Binocular visual acuity improved to 6/9.5 over 9 months. There was a persistent left relative afferent pupillary defect and moderate left esotropia. Conclusion. This is the first reported case of malignant hypertensive retinopathy in an infant with concomitant mid-aortic occlusion. The authors emphasize the need for an ophthalmological and pediatric examination in a child presenting with intermittent squint and irritability. The esotropia was found to be a false localizing sign of raised intracranial pressure secondary to the severe mid-aortic syndrome.",2016,Case reports in ophthalmological medicine,Case Rep Ophthalmol Med,Oh LJ; Bhardwaj G; Winlaw DS; Donaldson CE,"Oh, Lawrence J; Bhardwaj, Gaurav; Winlaw, David S; Donaldson, Craig E",Oh LJ,"Department of Ophthalmology, Save Sight Institute, Sydney, NSW, Australia; Sydney Medical School, University of Sydney, Sydney, NSW, Australia. | Department of Ophthalmology, The Children's Hospital at Westmead, Sydney, NSW, Australia. | Sydney Medical School, University of Sydney, Sydney, NSW, Australia; The Heart Centre for Children, The Children's Hospital at Westmead, Sydney, NSW, Australia. | Sydney Medical School, University of Sydney, Sydney, NSW, Australia; Department of Ophthalmology, The Children's Hospital at Westmead, Sydney, NSW, Australia.",,,,Journal Article,10.1155/2016/8162687,2016,,2090-6722 (Print); 2090-6730 (Electronic); 2090-6730 (Linking),8162687,PubMed,
31473680,Ipsilateral hemiparesis: the forgotten history of this paradoxical neurological sign.,"OBJECTIVE: Establishing the neurological localization doctrine for the contralateral hemispheric control of motor functions in the second half of the 19th century, researchers faced the challenge of recognizing false localizing signs, in particular paradoxical or ipsilateral hemiparesis (IH). Despite tremendous progress in current methods of neuroradiological and electrophysiological exploration, a complete understanding of this phenomenon has yet to be attained. METHODS: The authors researched the well-described cases of hemiparesis/hemiplegia ipsilateral to an intracranial lesion published in the scientific literature in the pre-MRI era (before 1980). A comprehensive review of the physiopathological mechanisms proposed for paradoxical hemiparesis throughout this period, as well as the pathological evidence substantiating them, is provided. RESULTS: A collection of 75 patients with hemiparesis/hemiplegia ipsilateral to the primary intracranial lesion reported between 1858 and 1979 were eligible for analysis. Most cases occurred in adults with supratentorial, slowly developing, extraparenchymatous mass lesions, such as neoplasms (38%) or chronic subdural hematomas (36%). Physiopathological theories proposed by the neurologists who investigated IH can be grouped into 4 major concepts: 1) lack of anatomical decussation of the corticospinal tract; 2) impaired functional activation of the contralateral hemisphere by the lesioned dominant hemisphere through the callosal connections; 3) Kernohan's notch phenomenon, or mechanical injury of the contralateral cerebral peduncle against the free edge of the tentorium; and 4) cerebrovascular dysfunction involving the contralateral hemisphere owing to kinking and mechanical flattening of the carotid artery contralateral to the primary intracranial lesion. CONCLUSIONS: IH represents a still underdiagnosed paradoxical neurological phenomenon. With the aid of modern neuroradiological and neurophysiological methods, Kernohan's peduncle notch mechanism has been confirmed to cause IH in many of the cases reported in recent decades. Nevertheless, alternative functional and/or vascular mechanisms must be investigated further for unexplained IH cases, in particular for transitory IH without evidence of peduncle injury. The historical theories reviewed in this paper represent a conceptual framework that may be helpful for this purpose.",2019,Neurosurgical focus,Neurosurg Focus,Carrasco-Moro R; Castro-Dufourny I; Martínez-San Millán JS; Cabañes-Martínez L; Pascual JM,"Carrasco-Moro, Rodrigo; Castro-Dufourny, Ines; Martínez-San Millán, Juan S; Cabañes-Martínez, Lidia; Pascual, José M",Carrasco-Moro R,"1Department of Neurosurgery, Ramón y Cajal University Hospital. | 2Department of Endocrinology, Sureste University Hospital, Francisco de Vitoria University. | Departments of3Neuroradiology and. | 4Clinical Neurophysiology, Ramón y Cajal University Hospital; and. | 5Department of Neurosurgery, La Princesa University Hospital, Madrid, Spain.","History, 19th Century; History, 20th Century; Humans; *Motor Cortex/diagnostic imaging/physiopathology; Neurosurgery/*history; Paresis/*history; *Pyramidal Tracts/diagnostic imaging/physiopathology",ADC = apparent diffusion coefficient; IH = ipsilateral hemiparesis; Kernohan-Woltman notch phenomenon; diaschisis; history of neurology; ipsilateral hemiparesis; paradoxical hemiparesis; tentorial incisure,"History, 19th Century; History, 20th Century; Humans; Motor Cortex; Neurosurgery; Paresis; Pyramidal Tracts; ADC = apparent diffusion coefficient; IH = ipsilateral hemiparesis; Kernohan-Woltman notch phenomenon; diaschisis; history of neurology; ipsilateral hemiparesis; paradoxical hemiparesis; tentorial incisure",Historical Article; Journal Article; Portrait,10.3171/2019.6.focus19337,47,3,1092-0684 (Electronic); 1092-0684 (Linking),E7,PubMed,
31277063,False localizing signs of spinal CSF-venous fistulas in spontaneous intracranial hypotension: report of 2 cases.,"A spinal CSF-venous fistula is one of three specific types of spinal CSF leak that can be seen in patients with spontaneous intracranial hypotension (SIH). They are best demonstrated on specialized imaging, such as digital subtraction myelography (DSM) or dynamic myelography, but often they are diagnosed on the basis of increased contrast density in the draining veins (the so-called hyperdense paraspinal vein sign) on early postmyelography CT scans. The authors report on 2 patients who underwent directed treatment (surgery in one patient and glue injection in the other) based on the hyperdense paraspinal vein sign, in whom the actual site of the fistula did not correspond to the level or laterality of the hyperdense paraspinal vein sign. The authors suggest consideration of DSM or dynamic myelography prior to undertaking treatment directed at these fistulas.",2019,Journal of neurosurgery. Spine,J Neurosurg Spine,Schievink WI; Maya MM; Moser FG,"Schievink, Wouter I; Maya, M Marcel; Moser, Franklin G",Schievink WI,"Departments of1Neurosurgery and. | 2Radiology, Cedars-Sinai Medical Center, Los Angeles, California. | 2Radiology, Cedars-Sinai Medical Center, Los Angeles, California.",,cerebrospinal fluid–venous fistula; headache; intracranial hypotension; intracranial pressure; spinal CSF leak; surgical technique,cerebrospinal fluid–venous fistula; headache; intracranial hypotension; intracranial pressure; spinal CSF leak; surgical technique,Case Reports; Journal Article,10.3171/2019.4.spine19283,31,5,1547-5646 (Electronic); 1547-5646 (Linking),764-767,PubMed,
7738578,Hearing loss as a false localising sign in raised intracranial pressure.,,1995,"Journal of neurology, neurosurgery, and psychiatry",J Neurol Neurosurg Psychiatry,Dorman PJ; Campbell MJ; Maw AR,"Dorman, P J; Campbell, M J; Maw, A R",Dorman PJ,,Adult; Female; Hearing Loss/*etiology; Humans; Pseudotumor Cerebri/*complications,,Adult; Female; Hearing Loss; Humans; Pseudotumor Cerebri,Case Reports; Letter,10.1136/jnnp.58.4.516,58,4,0022-3050 (Print); 1468-330X (Electronic); 0022-3050 (Linking),516,PubMed,
10199298,Intraventricular hemorrhage as a false localizing sign of a thoracolumbar arteriovenous malformation: case report.,"BACKGROUND: Spinal arteriovenous malformation (SAVM) is a relatively rare disease characterized by a high incidence of intramedullary and subarachnoid haemorrhage. When the hemorrhage is profuse and the SAVM is in the cervical region the symptoms (disturbance of consciousness, papilledema, cranial nerve palsies, and convulsions) may be so severe and rapid in their onset that they may be mistaken for intracranial hemorrhage. We report here on a patient with a SAVM at T10-12, which bled intracranially, mainly intraventricularly, and resulted first in respiratory arrest and unconsciousness. CASE DESCRIPTION: The patient had been well until he was 28 years old when, during intercourse, he suffered a terrible headache and suddenly lost consciousness, with a transient respiratory arrest. He was also noted to have right hemiparesis. A computed tomography scan demonstrated intraventricular hemorrhage. After a 24-hour period of artificial ventilation the patient regained consciousness and the right arm paresis completely recovered, but a gradual worsening of the motor function of the left leg developed. Digital subtraction angiography did not demonstrate any intracranial source of bleeding, whereas spinal angiography revealed a SAVM located at the medullary cone, which was totally removed by surgery. CONCLUSION: The case reported here raises several important issues. First, the advisability of spinal magnetic resonance imaging in the investigation of intraventricular (and subarachnoid) hemorrhage in patients with no demonstrable intracranial source. Secondly, the benefits of early diagnosis and reestablishment of the spinal cord circulation before the onset of thrombosis and the progressive phase of myelopathy. Finally, the necessity of complete obliteration and treatment of SAVMs even in patients with fixed neurologic deficits, because rebleeding of lower thoracic or lumbar SAVMs can lead to impairment at a higher level with severe or lethal consequences.",1999,Surgical neurology,Surg Neurol,Barzó P; Vörös E; Bodosi M,"Barzó, P; Vörös, E; Bodosi, M",Barzó P,"Department of Neurosurgery, Albert Szent-Györgyi Medical University, Szeged, Hungary.","Adult; Arteriovenous Malformations/*complications/*diagnosis/diagnostic imaging/surgery; Cerebral Hemorrhage/*etiology; *Cerebral Ventricles; Cerebral Ventriculography; Diagnosis, Differential; Humans; Lumbosacral Region; Male; Spinal Cord/*blood supply; Tomography, X-Ray Computed",,"Adult; Arteriovenous Malformations; Cerebral Hemorrhage; Cerebral Ventricles; Cerebral Ventriculography; Diagnosis, Differential; Humans; Lumbosacral Region; Male; Spinal Cord; Tomography, X-Ray Computed",Case Reports; Journal Article,10.1016/s0090-3019(98)00044-5,51,4,0090-3019 (Print); 0090-3019 (Linking),430-4,PubMed,
39183047,[A case of numb chin syndrome caused by postcentral gyrus infarction].,"We report a case of numb chin syndrome caused by a small cortical infarction in the postcentral gyrus. A 67-year-old man suddenly developed numbness in his right lower lip and the chin. There were no apparent abnormal neurological symptoms other than numbness. MRI revealed a fresh small infarction in the left postcentral gyrus, which corresponds with the somatosensory area of the lower lip and the chin drawn by Penfield and Rasmussen. MRA showed no significant stenosis in the main trunk of the cerebral arteries. A soft plaque with irregular wall was detected in the left carotid bifurcation on carotid ultrasonography. Based on these findings, we diagnosed him with arteriogenic cerebral embolism, and started antiplatelet therapy. A small infarction in the postcentral gyrus can cause numbness in the lower lip and the chin, which can be considered numb chin syndrome. Numb chin syndrome due to thalamic infarction has been reported previously. The present case is the first numb chin syndrome caused by a small cortical infarction in the postcentral gyrus.",2024,Rinsho shinkeigaku = Clinical neurology,Rinsho Shinkeigaku,Sawada N; Ueda M; Umemura T; Kamijo M; Kameyama T,"Sawada, Naoki; Ueda, Miki; Umemura, Toshitaka; Kamijo, Mikiko; Kameyama, Takashi",Sawada N,"Department of Neurology, Chubu Rosai Hospital. | Department of Neurology, Chubu Rosai Hospital. | Department of Neurology, Chubu Rosai Hospital. | Department of Neurology, Chubu Rosai Hospital. | Department of Neurology, Chubu Rosai Hospital.",Humans; Male; Aged; Chin/innervation; *Hypesthesia/etiology; Syndrome; *Cerebral Infarction/diagnostic imaging/etiology/complications; Magnetic Resonance Imaging; Intracranial Embolism/etiology/diagnostic imaging; Platelet Aggregation Inhibitors/administration & dosage; Magnetic Resonance Angiography,brain infarction; false localizing sign; numb chin syndrome; postcentral gyrus; somatosensory area,Humans; Male; Aged; Chin; Hypesthesia; Syndrome; Cerebral Infarction; Magnetic Resonance Imaging; Intracranial Embolism; Platelet Aggregation Inhibitors; Magnetic Resonance Angiography; brain infarction; false localizing sign; numb chin syndrome; postcentral gyrus; somatosensory area,Case Reports; English Abstract; Journal Article,10.5692/clinicalneurol.cn-001984,64,9,1882-0654 (Electronic); 0009-918X (Linking),668-670,PubMed,
14315299,THE FOCAL MOTOR SEIZURES AS A FALSE LOCALIZING SIGN.,,1965,Neurology,Neurology,BEATTY RA,"BEATTY, R A",BEATTY RA,,*Black People; *Brain Neoplasms; *Cerebral Angiography; *Diagnosis; *Epilepsy; Humans; *Meningeal Neoplasms; *Meningioma; *Pathology; *Seizures,*BRAIN NEOPLASMS; *CEREBRAL ANGIOGRAPHY; *DIAGNOSIS; *EPILEPSY; *MENINGIOMA; *NEGROES; *PATHOLOGY,Black People; Brain Neoplasms; Cerebral Angiography; Diagnosis; Epilepsy; Humans; Meningeal Neoplasms; Meningioma; Pathology; Seizures; BRAIN NEOPLASMS; CEREBRAL ANGIOGRAPHY; DIAGNOSIS; EPILEPSY; MENINGIOMA; NEGROES; PATHOLOGY,Journal Article,10.1212/wnl.15.8.752,15,,0028-3878 (Print); 0028-3878 (Linking),752-5,PubMed,
7264699,Downbeat nystagmus--a false localising sign due to communicating hydrocephalus.,,1981,"Journal of neurology, neurosurgery, and psychiatry",J Neurol Neurosurg Psychiatry,Phadke JG; Hern JE; Blaiklock CT,"Phadke, J G; Hern, J E; Blaiklock, C T",Phadke JG,,"Female; Humans; Hydrocephalus/complications/*diagnosis; Middle Aged; Nystagmus, Pathologic/*etiology",,"Female; Humans; Hydrocephalus; Middle Aged; Nystagmus, Pathologic",Case Reports; Letter,10.1136/jnnp.44.5.459,44,5,0022-3050 (Print); 1468-330X (Electronic); 0022-3050 (Linking),459,PubMed,
13266850,Certain false localizing signs of intracranial tumor: report of case.,,1955,Proceedings of the staff meetings. Mayo Clinic,Proc Staff Meet Mayo Clin,DODGE HW Jr; CLARK EC; WAGENER HP; HUSTEAD AP,"DODGE, H W Jr; CLARK, E C; WAGENER, H P; HUSTEAD, A P",DODGE HW Jr,,"*Brain; *Brain Neoplasms; Humans; *Physical Examination; *Vision, Ocular",*BRAIN/neoplasms; *VISION,"Brain; Brain Neoplasms; Humans; Physical Examination; Vision, Ocular; BRAIN; VISION",Journal Article,,30,20,0092-699X (Print); 0092-699X (Linking),453-61,PubMed,
3979415,Facial myokymia--a false localizing sign in obstructive communicating hydrocephalus. A case report.,"Facial myokymia was evident in a 57-year-old man exhibiting both clinical and radiological signs of obstructive communicating hydrocephalus. Insertion of a ventriculoatrial shunt resulted in resolution of clinical symptomatology including the facial myokymia. Since there was no evidence of a structural brain stem pathology, it is believed that in this case, facial myokymia represented a false localizing sign secondary to obstructive communication hydrocephalus.",1985,European neurology,Eur Neurol,Sandyk R,"Sandyk, R",Sandyk R,,"Cerebrospinal Fluid Shunts; Diagnosis, Differential; *Facial Muscles/innervation; Fasciculation/*etiology; Humans; Hydrocephalus/*complications/diagnosis/surgery; Intracranial Aneurysm/complications; Male; Middle Aged; Neurologic Manifestations/*etiology; Rupture, Spontaneous; Subarachnoid Hemorrhage/complications; Tomography, X-Ray Computed",,"Cerebrospinal Fluid Shunts; Diagnosis, Differential; Facial Muscles; Fasciculation; Humans; Hydrocephalus; Intracranial Aneurysm; Male; Middle Aged; Neurologic Manifestations; Rupture, Spontaneous; Subarachnoid Hemorrhage; Tomography, X-Ray Computed",Case Reports; Journal Article,10.1159/000115770,24,2,0014-3022 (Print); 0014-3022 (Linking),112-4,PubMed,
33642294,Polyradiculopathy and Multiple Cranial Nerve Palsies - Rare Manifestations of Cerebral Venous Sinus Thrombosis.,"We report about two young males who developed significant proximal weakness of all four limbs secondary to intracranial hypertension due to intracranial venous sinus thrombosis. Intracranial venous sinus thrombosis can manifest in a variety of ways which includes isolated intracranial hypertension, focal neurological symptoms or signs and acute or subacute encephalopathy. Various false localising signs have been reported to occur in patients with raised intracranial pressure including cranial nerve palsies and extensive radiculopathy. In a patient presenting with flaccid areflexic quadriparesis and papilledema, the possibility of a potentially reversible dysfunction of the cranial nerves and spinal nerve roots due to a marked rise in intracranial and intraspinal pressure must be recognised. Lumboperitoneal shunt to reduce the intraspinal pressure on the spinal nerve roots has been advocated to reverse the symptoms of extensive radiculopathy in such patients. Both of our patients showed remarkable improvement in symptoms and signs with medical treatment of CVT.",2021,Neurology India,Neurol India,Raman SP; Velayutham SS; Jeyaraj KM; Kumar MS; Mugundhan K,"Raman, Sowmini Padmaja; Velayutham, S Sakthi; Jeyaraj, K Malcolm; Kumar, M Sathish; Mugundhan, K",Raman SP,"Department of Neurology, Stanley Medical College, Chennai, Tamil Nadu, India. | Department of Neurology, Stanley Medical College, Chennai, Tamil Nadu, India. | Department of Neurology, Stanley Medical College, Chennai, Tamil Nadu, India. | Department of Neurology, Stanley Medical College, Chennai, Tamil Nadu, India. | Department of Neurology, Stanley Medical College, Chennai, Tamil Nadu, India.","Cranial Sinuses; Humans; *Intracranial Hypertension; Male; *Papilledema; *Polyradiculopathy; *Sinus Thrombosis, Intracranial/complications/diagnostic imaging",Cerebral venous sinus thrombosis; multiple cranial nerve palsies; polyradiculopathy,"Cranial Sinuses; Humans; Intracranial Hypertension; Male; Papilledema; Polyradiculopathy; Sinus Thrombosis, Intracranial; Cerebral venous sinus thrombosis; multiple cranial nerve palsies; polyradiculopathy",Case Reports; Journal Article,10.4103/0028-3886.310084,69,1,1998-4022 (Electronic); 0028-3886 (Linking),170-173,PubMed,
32554417,Spine MRI in Spontaneous Intracranial Hypotension for CSF Leak Detection: Nonsuperiority of Intrathecal Gadolinium to Heavily T2-Weighted Fat-Saturated Sequences.,"BACKGROUND AND PURPOSE: Spine MR imaging plays a pivotal role in the diagnostic work-up of spontaneous intracranial hypotension. The aim of this study was to compare the diagnostic accuracy of unenhanced spine MR imaging and intrathecal gadolinium-enhanced spine MR imaging for identification and localization of CSF leaks in patients with spontaneous intracranial hypotension. MATERIALS AND METHODS: A retrospective study of patients with spontaneous intracranial hypotension examined from February 2013 to October 2017 was conducted. Their spine MR imaging was reviewed by 3 blinded readers for the presence of epidural CSF using 3 different sequences (T2WI, 3D T2WI fat-saturated, T1WI gadolinium). In patients with leaks, the presumed level of the leak was reported. RESULTS: In total, 103 patients with spontaneous intracranial hypotension (63/103 [61%] women; mean age, 50 years) were evaluated. Seventy had a confirmed CSF leak (57/70 [81%] proved intraoperatively), and 33 showed no epidural CSF on multimodal imaging. Intrathecal gadolinium-enhanced spine MR imaging was nonsuperior to unenhanced spine MR imaging for the detection of epidural CSF (P = .24 and .97). All MR imaging sequences had a low accuracy for leak localization. In all patients, only 1 leakage point was present, albeit multiple suspicious lesions were reported in all sequences (mean, 5.0). CONCLUSIONS: Intrathecal gadolinium-enhanced spine MR imaging does not improve the diagnostic accuracy for the detection of epidural CSF. Thus, it lacks a rationale to be included in the routine spontaneous intracranial hypotension work-up. Heavily T2-weighted images with fat saturation provide high accuracy for the detection of an epidural CSF collection. Low accuracy for leak localization is due to an extensive CSF collection spanning several vertebrae (false localizing sign), lack of temporal resolution, and a multiplicity of suspicious lesions, albeit only a single leakage site is present. Thus, dynamic examination is mandatory before targeted treatment is initiated.",2020,AJNR. American journal of neuroradiology,AJNR Am J Neuroradiol,Dobrocky T; Winklehner A; Breiding PS; Grunder L; Peschi G; Häni L; Mosimann PJ; Branca M; Kaesmacher J; Mordasini P; Raabe A; Ulrich CT; Beck J; Gralla J; Piechowiak EI,"Dobrocky, T; Winklehner, A; Breiding, P S; Grunder, L; Peschi, G; Häni, L; Mosimann, P J; Branca, M; Kaesmacher, J; Mordasini, P; Raabe, A; Ulrich, C T; Beck, J; Gralla, J; Piechowiak, E I",Dobrocky T,"From the University Institute of Diagnostic and Interventional Neuroradiology (T.D., A.W., P.S.B., L.G., G.P., P.J.M., J.K., P.M., J.G., E.I.P.). | From the University Institute of Diagnostic and Interventional Neuroradiology (T.D., A.W., P.S.B., L.G., G.P., P.J.M., J.K., P.M., J.G., E.I.P.). | From the University Institute of Diagnostic and Interventional Neuroradiology (T.D., A.W., P.S.B., L.G., G.P., P.J.M., J.K., P.M., J.G., E.I.P.). | From the University Institute of Diagnostic and Interventional Neuroradiology (T.D., A.W., P.S.B., L.G., G.P., P.J.M., J.K., P.M., J.G., E.I.P.). | From the University Institute of Diagnostic and Interventional Neuroradiology (T.D., A.W., P.S.B., L.G., G.P., P.J.M., J.K., P.M., J.G., E.I.P.). | Department of Interventional, Pediatric, and Diagnostic Radiology (G.P., J.K.). | Neurosurgery (L.H., A.R., C.T.U., J.B.), University of Bern, Inselspital, Bern, Switzerland. | From the University Institute of Diagnostic and Interventional Neuroradiology (T.D., A.W., P.S.B., L.G., G.P., P.J.M., J.K., P.M., J.G., E.I.P.). | Clinical Trials Unit (M.B.), University of Bern, Bern, Switzerland. | From the University Institute of Diagnostic and Interventional Neuroradiology (T.D., A.W., P.S.B., L.G., G.P., P.J.M., J.K., P.M., J.G., E.I.P.). | Department of Interventional, Pediatric, and Diagnostic Radiology (G.P., J.K.). | From the University Institute of Diagnostic and Interventional Neuroradiology (T.D., A.W., P.S.B., L.G., G.P., P.J.M., J.K., P.M., J.G., E.I.P.). | Neurosurgery (L.H., A.R., C.T.U., J.B.), University of Bern, Inselspital, Bern, Switzerland. | Neurosurgery (L.H., A.R., C.T.U., J.B.), University of Bern, Inselspital, Bern, Switzerland. | Neurosurgery (L.H., A.R., C.T.U., J.B.), University of Bern, Inselspital, Bern, Switzerland. | Department of Neurosurgery (J.B.), Medical Center, University of Freiburg, Freiburg, Germany. | From the University Institute of Diagnostic and Interventional Neuroradiology (T.D., A.W., P.S.B., L.G., G.P., P.J.M., J.K., P.M., J.G., E.I.P.). | From the University Institute of Diagnostic and Interventional Neuroradiology (T.D., A.W., P.S.B., L.G., G.P., P.J.M., J.K., P.M., J.G., E.I.P.) eike.piechowiak@insel.ch.","Adult; Aged; Aged, 80 and over; Cerebrospinal Fluid Leak/complications/*diagnostic imaging; Female; Gadolinium DTPA; Humans; Image Enhancement/methods; Intracranial Hypotension/*diagnostic imaging/etiology; Magnetic Resonance Imaging/*methods; Male; Middle Aged; Myelography/methods; Retrospective Studies; Spinal Cord/*diagnostic imaging",,"Adult; Aged; Aged, 80 and over; Cerebrospinal Fluid Leak; Female; Gadolinium DTPA; Humans; Image Enhancement; Intracranial Hypotension; Magnetic Resonance Imaging; Male; Middle Aged; Myelography; Retrospective Studies; Spinal Cord",Journal Article,10.3174/ajnr.a6592,41,7,1936-959X (Electronic); 0195-6108 (Print); 0195-6108 (Linking),1309-1315,PubMed,
205315,Trigeminal false localizing signs and their causation.,,1978,Brain : a journal of neurology,Brain,O'Connell JE,"O'Connell, J E",O'Connell JE,,"Adult; Brain Neoplasms/*complications; Brain Stem/pathology; Cephalometry; Cerebellum/anatomy & histology; Constriction, Pathologic; Cranial Fossa, Posterior; Female; Foramen Magnum/anatomy & histology; Functional Laterality; Humans; Male; Middle Aged; Paresthesia/etiology; Peripheral Nervous System Diseases/complications/*etiology; *Trigeminal Nerve/anatomy & histology",,"Adult; Brain Neoplasms; Brain Stem; Cephalometry; Cerebellum; Constriction, Pathologic; Cranial Fossa, Posterior; Female; Foramen Magnum; Functional Laterality; Humans; Male; Middle Aged; Paresthesia; Peripheral Nervous System Diseases; Trigeminal Nerve",Case Reports; Journal Article,10.1093/brain/101.1.119,101,1,0006-8950 (Print); 0006-8950 (Linking),119-42,PubMed,
24348572,Kernohan's Notch: A Forgotten Cause of Hemiplegia-CT Scans Are Useful in This Diagnosis.,"Hemiparesis ipsilateral to a cerebral lesion can be a false localizing sign. This is due to midline shift of the midbrain resulting in compression of the contralateral pyramidal fibers on the tough dural reflection tentorium cerebelli. This may result in partial or complete damage to these fibers. Since these fibers are destined to cross in the medulla and innervate the opposite side of the body, this causes hemiparesis ipsilateral to the site of cerebral lesion. Computed tomography (CT) scans have not been used to support the diagnosis of this entity until now. We report a 68-year-old woman with a subdural hematoma who developed ipsilateral hemiparesis without any other explanation (Kernohan's notch). The CT of the head showed evidence of compression of the midbrain contralateral to the hematoma and was useful in the diagnosis. The purpose of this report is to increase the awareness of this presentation and to emphasize the utility of CT scans to support the diagnosis.",2013,Case reports in medicine,Case Rep Med,Panikkath R; Panikkath D; Lim SY; Nugent K,"Panikkath, Ragesh; Panikkath, Deepa; Lim, Sian Yik; Nugent, Kenneth",Panikkath R,"Department of Internal Medicine, Texas Tech University Health Sciences Center, Lubbock, TX 79430, USA. | Department of Internal Medicine, Texas Tech University Health Sciences Center, Lubbock, TX 79430, USA. | Department of Internal Medicine, Texas Tech University Health Sciences Center, Lubbock, TX 79430, USA. | Department of Internal Medicine, Texas Tech University Health Sciences Center, Lubbock, TX 79430, USA.",,,,Journal Article,10.1155/2013/296874,2013,,1687-9627 (Print); 1687-9635 (Electronic),296874,PubMed,
28883251,Ossification of the Posterior Atlantoaxial Membrane: An Atypical Presentation.,,2017,"Internal medicine (Tokyo, Japan)",Intern Med,Ueno T; Nishijima H; Ito J; Tomiyama M,"Ueno, Tatsuya; Nishijima, Haruo; Ito, Junji; Tomiyama, Masahiko",Ueno T,"Department of Neurology, Aomori Prefectural Central Hospital, Japan. | Department of Neurology, Aomori Prefectural Central Hospital, Japan. | Department of Orthopaedic Surgery, Aomori Prefectural Central Hospital, Japan. | Department of Neurology, Aomori Prefectural Central Hospital, Japan.",,false localizing sign; myelopathy; ossification; posterior atlantoaxial membrane,false localizing sign; myelopathy; ossification; posterior atlantoaxial membrane,Journal Article,10.2169/internalmedicine.8827-17,56,19,1349-7235 (Electronic); 0918-2918 (Print); 0918-2918 (Linking),2689-2690,PubMed,
6709162,Contralateral trigeminal nerve dysfunction as a false localizing sign in acoustic neuroma: a clinical and electrophysiological study.,"A 49-year-old woman presented with right facial sensory impairment due to trigeminal nerve dysfunction caused by a contralateral acoustic neuroma. The mechanism of the falsely localizing trigeminal involvement is probably displacement and distortion of the brain stem by the large mass lesion and not increased intracranial pressure. A preoperative orbicularis oculi reflex study was abnormal and indicative of right trigeminal nerve dysfunction; after surgical removal of the tumor, the orbicularis oculi reflex study was normal. We conclude that a false localizing sign of trigeminal nerve dysfunction can occur rarely on the contralateral side in patients with large posterior fossa tumors, especially tumors arising from the cerebellopontine angle, and should be considered in the differential diagnosis of hemifacial sensory disturbance.",1984,Neurosurgery,Neurosurgery,Koenig M; Kalyan-Raman K; Sureka ON,"Koenig, M; Kalyan-Raman, K; Sureka, O N",Koenig M,,"Brain Diseases/diagnosis/etiology; Brain Stem; Evoked Potentials, Somatosensory; Facial Muscles; Facial Paralysis/*diagnosis/etiology; Female; Humans; Middle Aged; Nerve Compression Syndromes/diagnosis/etiology; Neuroma, Acoustic/complications/*diagnosis; Reflex; Trigeminal Neuralgia/*diagnosis/etiology",,"Brain Diseases; Brain Stem; Evoked Potentials, Somatosensory; Facial Muscles; Facial Paralysis; Female; Humans; Middle Aged; Nerve Compression Syndromes; Neuroma, Acoustic; Reflex; Trigeminal Neuralgia",Case Reports; Journal Article,10.1227/00006123-198403000-00014,14,3,0148-396X (Print); 0148-396X (Linking),335-7,PubMed,
21874138,"Lower cranial nerve palsy, aseptic meningitis and hydrocephalus: unusual presentation of primary antiphospholipid syndrome.","Presentation of primary antiphospholipid syndrome (APS) is usually untrustworthy and unusual presentations are difficult to diagnose on the basis of clinical features alone. This is true especially in young and elderly patients. Cerebral venous thrombosis (CVT) is less frequent than arterial thrombosis in APS. CVT has a wide spectrum of signs and symptoms, which may evolve suddenly or over weeks. It mimics many neurological conditions such as meningitis, encephalopathy, benign intracranial hypertension and stroke. Headache is the most frequent symptom in patients with CVT, and is present in about 80% of cases. The most common pattern of presentation is with a benign intracranial hypertension-like syndrome. Sixth cranial nerve palsy usually manifests as a false localising sign. Patients may have recurrent seizures. Cranial nerve syndromes are seen with venous sinus thrombosis. We present a case of APS with lower cranial nerve palsy, aseptic meningitis and hydrocephalus initially treated as tuberculous meningitis.",2009,BMJ case reports,BMJ Case Rep,Wani AM; Hussain WM; Fatani MI; Qadmani A; Maimani GA; Turkistani A; Dairi KS; Abumatar A; Bafaraj MG,"Wani, Abdul Majid; Hussain, Waleed Mohd; Fatani, Mohamad Ibrahim; Qadmani, Ahmad; Maimani, Ghassan Adnan Al; Turkistani, Ahmad; Dairi, Khalid S; Abumatar, Ahmad; Bafaraj, Mazen G",Wani AM,"Hera General Hospital, Medicine, 4a/201, Makkah, Western, 21955, Saudi Arabia.",,,,Journal Article,10.1136/bcr.06.2009.2013,2009,,1757-790X (Print); 1757-790X (Electronic); 1757-790X (Linking),,PubMed,
19987409,Case of False Localizing Signs in Cerebral Tumour: Endothelioma of Left Sylvian Region revealed by Ventriculography.,,1930,Proceedings of the Royal Society of Medicine,Proc R Soc Med,Broster LR,"Broster, L R",Broster LR,,,,,Journal Article,10.1177/003591573002300493,23,4,0035-9157 (Print); 0035-9157 (Linking),552,PubMed,
3508676,Spinal and radicular pain in pseudotumor cerebri.,"A 4 1/2-year-old girl presented with cervical spine and radicular pain with hypoactive biceps and brachioradialis stretch reflexes. A diagnosis of pseudotumor cerebri was made. The patient's symptoms resolved following the reduction of the elevated intracranial pressure. Abnormalities of the cervical spine and spinal cord were not detected. A mechanism to explain this ""false localizing"" sign is discussed.",1986,Pediatric neurology,Pediatr Neurol,Murray RS; Tait VF; Thompson JA,"Murray, R S; Tait, V F; Thompson, J A",Murray RS,"Department of Neurology, VA Medical Center, Salt Lake City, UT 84148.","Child, Preschool; Female; Humans; Pain/*etiology; Pseudotumor Cerebri/*complications; Radiculopathy/*etiology; Spinal Diseases/*etiology",,"Child, Preschool; Female; Humans; Pain; Pseudotumor Cerebri; Radiculopathy; Spinal Diseases",Case Reports; Journal Article,10.1016/0887-8994(86)90066-4,2,2,0887-8994 (Print); 0887-8994 (Linking),106-7,PubMed,
24684337,From the notch to a glioma grading system: the neurological contributions of James Watson Kernohan.,"During his lifetime and a career spanning 42 years, James Watson Kernohan made numerous contributions to neuropathology, neurology, and neurosurgery. One of these, the phenomenon of ipsilateral, false localizing signs caused by compression of the contralateral cerebral peduncle against the tentorial edge, has widely become known as ""Kernohan's notch"" and continues to bear his name. The other is a grading system for gliomas from a neurosurgical viewpoint that continues to be relevant for grading of glial tumors 60 years after its introduction. In this paper, the authors analyze these two major contributions in detail within the context of Kernohan's career and explore how they contributed to the development of neurosurgical procedures.",2014,Neurosurgical focus,Neurosurg Focus,Safavi-Abbasi S; Maurer AJ; Archer JB; Hanel RA; Sughrue ME; Theodore N; Preul MC,"Safavi-Abbasi, Sam; Maurer, Adrian J; Archer, Jacob B; Hanel, Ricardo A; Sughrue, Michael E; Theodore, Nicholas; Preul, Mark C",Safavi-Abbasi S,"Department of Neurosurgery, University of Oklahoma Health Science Center, Oklahoma City, Oklahoma;","Aged, 80 and over; Brain Neoplasms/*history/pathology/*surgery; Glioma/*history/pathology/*surgery; History, 19th Century; History, 20th Century; Humans; Male; Neurology/*history; Neurophysiology/history; Neurosurgery/history",,"Aged, 80 and over; Brain Neoplasms; Glioma; History, 19th Century; History, 20th Century; Humans; Male; Neurology; Neurophysiology; Neurosurgery",Biography; Historical Article; Journal Article; Portrait,10.3171/2014.1.focus13575,36,4,1092-0684 (Electronic); 1092-0684 (Linking),E4,PubMed,
6182481,[Posterior fossa meningioma with special reference to false localizing sign].,,1982,Neurologia medico-chirurgica,Neurol Med Chir (Tokyo),Nagahiro S; Matsukado Y; Uemura S,"Nagahiro, S; Matsukado, Y; Uemura, S",Nagahiro S,,"Adult; Cerebellopontine Angle; Cranial Fossa, Posterior; Female; Hemangiosarcoma/*diagnosis; Humans; Male; Meningeal Neoplasms/*diagnosis; Meningioma/*diagnosis; Middle Aged",,"Adult; Cerebellopontine Angle; Cranial Fossa, Posterior; Female; Hemangiosarcoma; Humans; Male; Meningeal Neoplasms; Meningioma; Middle Aged",English Abstract; Journal Article,10.2176/nmc.22.421,22,6,0470-8105 (Print); 0470-8105 (Linking),421-8,PubMed,
18207526,Case report: spontaneous intracranial hypotension in association with the presence of a false localizing C1-C2 cerebrospinal fluid leak.,"BACKGROUND: Spontaneous intracranial hypotension is an increasingly recognized cause of new-onset, daily, persistent headaches. Although these headaches are similar to post-lumbar puncture headaches, characteristic differences include intracranial pachymeningeal enhancement, subdural fluid collections, and downward displacement of the brain. The identification of upper cervical epidural fluid collections as a false localizing sign in patients with SIH has provided significant insight into the selection of management options. CASE DESCRIPTION: We review a case of a 57-year-old woman who presented to our institution with progressive orthostatic headaches relieved by recumbency. The patient had no recent history of lumbar puncture, spinal, or intracranial procedure. The patient isolated the onset of symptoms to 3 weeks prior, when she was lifting heavy items in her home, and was diagnosed with SIH. Subsequently, she was found to have a C1-C2 epidural fluid collection. After much diagnostic consideration and review of the literature, the collection was defined as a false localizing sign; and the patient eventually underwent a lumbar EBP with complete resolution of her symptoms. CONCLUSIONS: Upper cervical fluid collections in patients with SIH often represent a false localizing sign. Conservative management should be instituted; and if unsuccessful, a lumbar EBP should be performed. It is important to note that C1-C2 fluid accumulations may not provide the actual leak site in patients presenting with SIH. This understanding prevents therapy from being unintentionally directed at C1-C2.",2008,Surgical neurology,Surg Neurol,Morgan JT; Scumpia AJ; Johnson AA; Schneider SJ,"Morgan, Jonathan T; Scumpia, Alexander J; Johnson, Alan A; Schneider, Steven J",Morgan JT,"Department of Neurosurgery, North Shore-Long Island Jewish Medical Center, New Hyde Park, NY 11042, USA. jtmorgan76@hotmail.com","*Blood Patch, Epidural; Cervical Vertebrae; Female; Humans; Intracranial Hypotension/*diagnosis/*etiology/therapy; Lumbar Vertebrae; Middle Aged; Subdural Effusion/complications/*diagnosis/*therapy",,"Blood Patch, Epidural; Cervical Vertebrae; Female; Humans; Intracranial Hypotension; Lumbar Vertebrae; Middle Aged; Subdural Effusion",Case Reports; Journal Article,10.1016/j.surneu.2007.05.037,70,5,0090-3019 (Print); 0090-3019 (Linking),539-43; discussion 543-4,PubMed,
4543625,Multiple false localizing signs in intracranial tumor. Case report.,,1974,Journal of neurosurgery,J Neurosurg,Turnbull AR,"Turnbull, A R",Turnbull AR,,"Adult; Cerebellar Neoplasms/complications/*diagnosis/diagnostic imaging/surgery; Cerebral Ventriculography; Diagnosis, Differential; Facial Paralysis/complications; Female; Glossopharyngeal Nerve; Hemangiosarcoma/complications/*diagnosis/diagnostic imaging/surgery; Humans; Paralysis/complications/diagnosis; Trigeminal Nerve; Vagus Nerve; Vestibulocochlear Nerve",,"Adult; Cerebellar Neoplasms; Cerebral Ventriculography; Diagnosis, Differential; Facial Paralysis; Female; Glossopharyngeal Nerve; Hemangiosarcoma; Humans; Paralysis; Trigeminal Nerve; Vagus Nerve; Vestibulocochlear Nerve",Case Reports; Journal Article,10.3171/jns.1974.40.2.0264,40,2,0022-3085 (Print); 0022-3085 (Linking),264-6,PubMed,
38111373,"Malignant spinal cord compression: Atypical presentation, false localizing signs, time course, and implications for the emergency physician.",,2024,Academic emergency medicine : official journal of the Society for Academic Emergency Medicine,Acad Emerg Med,Georgiou A; Farmer A; Georgiou L; Walker B,"Georgiou, Anastasios; Farmer, Adam; Georgiou, Loukas; Walker, Brian",Georgiou A,"Department of Radiation Oncology, Carl Kirkland Cancer Center, West Tennessee Healthcare, Jackson, Tennessee, USA. | Department of Radiation Oncology, Carl Kirkland Cancer Center, West Tennessee Healthcare, Jackson, Tennessee, USA. | Kentucky College of Osteopathic Medicine, University of Pikeville, Pikeville, Kentucky, USA. | Department of Medical Oncology, Carl Kirkland Cancer Center, West Tennessee Healthcare, Jackson, Tennessee, USA.","Humans; *Spinal Cord Compression/etiology/diagnostic imaging; Male; Emergency Service, Hospital; Middle Aged; Female; Diagnosis, Differential; Magnetic Resonance Imaging",,"Humans; Spinal Cord Compression; Male; Emergency Service, Hospital; Middle Aged; Female; Diagnosis, Differential; Magnetic Resonance Imaging",Case Reports; Letter,10.1111/acem.14855,31,7,1553-2712 (Electronic); 1069-6563 (Linking),710-712,PubMed,
20619745,Ophthalmic segment aneurysmal subarachnoid hemorrhage presenting with contralateral abducens nerve palsy: a false localizing sign.,BACKGROUND: Neuro-ophthalmic manifestations of aneurysmal subarachnoid hemorrhage are commonly linked to a palsy of the cranial nerve in close proximity to the aneurysm or to chronic intracranial hypertension. CASE REPORT: A patient with subarachnoid hemorrhage secondary to a rupture of an intracranial right ophthalmic segment internal carotid artery aneurysm presented with an acute-onset contralateral abducens nerve palsy. There were no clinical or radiologic features of chronic intracranial hypertension. Magnetic resonance imaging showed a co-existent ectatic basilar artery on the left side of the pons in close relation to the sixth nerve. CONCLUSION: Abducens weakness in the above-50 age group is most commonly caused by a vascular etiology. The authors discuss the pathogenesis of this rare clinical entity and present pertinent literature review.,2010,"Optometry (St. Louis, Mo.)",Optometry,Furtado SV; Mohan D; Hegde AS,"Furtado, Sunil V; Mohan, Dilip; Hegde, Alangar S",Furtado SV,"Department of Neurosurgery, Sri Sathya Sai Institute of Higher Medical Sciences, EPIP Area, Whitefield, Bangalore, Karnataka State, India. sunilvf@gmail.com",Abducens Nerve Diseases/*etiology/pathology; Basilar Artery; Humans; Magnetic Resonance Imaging; Male; Middle Aged; Subarachnoid Hemorrhage/*complications/pathology,,Abducens Nerve Diseases; Basilar Artery; Humans; Magnetic Resonance Imaging; Male; Middle Aged; Subarachnoid Hemorrhage,Case Reports; Journal Article,10.1016/j.optm.2010.03.008,81,9,1558-1527 (Electronic); 1558-1527 (Linking),450-3,PubMed,
25449936,The diagnostic yield of neuroimaging in sixth nerve palsy--Sankara Nethralaya Abducens Palsy Study (SNAPS): Report 1.,"AIMS: The aim was to assess the etiology of sixth nerve palsy and on the basis of our data, to formulate a diagnostic algorithm for the management in sixth nerve palsy. DESIGN: Retrospective chart review. RESULTS: Of the 104 neurologically isolated cases, 9 cases were attributable to trauma, and 95 (86.36%) cases were classified as nontraumatic, neurologically isolated cases. Of the 95 nontraumatic, isolated cases of sixth nerve palsy, 52 cases were associated with vasculopathic risk factors, namely diabetes and hypertension and were classified as vasculopathic sixth nerve palsy (54.7%), and those with a history of sixth nerve palsy from birth (6 cases) were classified as congenital sixth nerve palsy (6.3%). Of the rest, neuroimaging alone yielded a cause in 18 of the 37 cases (48.64%). Of the other 19 cases where neuroimaging did not yield a cause, 6 cases were attributed to preceding history of infection (3 upper respiratory tract infection and 3 viral illnesses), 2 cases of sixth nerve palsy were found to be a false localizing sign in idiopathic intracranial hypertension and in 11 cases, the cause was undetermined. In these idiopathic cases of isolated sixth nerve palsy, neuroimaging yielded no positive findings. CONCLUSIONS: In the absence of risk factors, a suggestive history, or positive laboratory and clinical findings, neuroimaging can serve as a useful diagnostic tool in identifying the exact cause of sixth nerve palsy. Furthermore, we recommend an algorithm to assess the need for neuroimaging in sixth nerve palsy.",2014,Indian journal of ophthalmology,Indian J Ophthalmol,Nair AG; Ambika S; Noronha VO; Gandhi RA,"Nair, Akshay Gopinathan; Ambika, Selvakumar; Noronha, Veena Olma; Gandhi, Rashmin Anilkumar",Nair AG,"Department of Neuro-Ophthalmology, Sankara Nethralaya, A Unit of Medical Research Foundation, Nungambakkam, India.","Abducens Nerve Diseases/*diagnosis; Adolescent; Adult; Aged; Child; Child, Preschool; Diagnosis, Differential; Female; Follow-Up Studies; Humans; Infant; Magnetic Resonance Imaging; Male; Middle Aged; Neuroimaging/*methods; Reproducibility of Results; Retrospective Studies; Tomography, X-Ray Computed; Young Adult",,"Abducens Nerve Diseases; Adolescent; Adult; Aged; Child; Child, Preschool; Diagnosis, Differential; Female; Follow-Up Studies; Humans; Infant; Magnetic Resonance Imaging; Male; Middle Aged; Neuroimaging; Reproducibility of Results; Retrospective Studies; Tomography, X-Ray Computed; Young Adult",Journal Article,10.4103/0301-4738.146000,62,10,1998-3689 (Electronic); 0301-4738 (Print); 0301-4738 (Linking),1008-12,PubMed,
9674034,[Dorsal sensory level as a false localizing sign in cervical myelopathy].,"INTRODUCTION: Cervical myelopathy is a common disorder of the spinal cord. The most frequent symptoms are muscle weakness and spasticity starting in the legs. Occasionally the sensory levels are several spinal cord segments below the cervical lesion which makes diagnosis difficult. CLINICAL CASE: We present the case of a 31 year old man who presented (after exercise) with paresthesia and numbness below the left costal margin in the left hemiabdomen and the left leg. On physical examination there was painful superficial tactile thermic hypoaesthesia at the level of D10 on the left side, together with brisk myotatic reflexes of the legs and indifferent bilateral plantar reflexes. Blood and CSF studies were normal. On cervical MR there was a large hernia of the intervertebral disk at C5-C6 and marked involvement of the spinal cord. Progress after surgery was good. Two months after operation he was symptom free and neurological examination was normal. CONCLUSIONS: Diagnosis of cervical myelopathy may be difficult because of the varied symptoms. There may be a dorsal or lumbar sensory level acting as a false localizing sign. The physiopathological mechanism for this is not clear. Different hypotheses have been put forward based on anatomical distribution of the spino-thalamic tract and on indirect factors (vascular, demyelinization, etc.). In a patient with a dorsal sensory level and normal radiological findings at this level, it is important to study levels above this as well to avoid errors of diagnosis and treatment.",1998,Revista de neurologia,Rev Neurol,Pego-Reigosa R; Trobajo de las Matas JE; Brañas F; Martínez-Vázquez F; Cortés-Laíño JA,"Pego-Reigosa, R; Trobajo de las Matas, J E; Brañas, F; Martínez-Vázquez, F; Cortés-Laíño, J A",Pego-Reigosa R,"Sección de Neurología, Hospital Xeral-Calde, Lugo, España.",Adult; Cervical Vertebrae/*pathology/surgery; Humans; Intervertebral Disc Displacement/complications/*diagnosis/surgery; Magnetic Resonance Imaging; Male; Muscle Spasticity/complications/*diagnosis; Perceptual Disorders/*diagnosis/etiology,,Adult; Cervical Vertebrae; Humans; Intervertebral Disc Displacement; Magnetic Resonance Imaging; Male; Muscle Spasticity; Perceptual Disorders,Case Reports; English Abstract; Journal Article,,27,155,0210-0010 (Print); 0210-0010 (Linking),86-8,PubMed,
10367329,Ependymoma of the fourth ventricle presenting with hemifacial spasm. Report of a case.,"According to Gardner's hypothesis (1962) later confirmed by Jannetta (1982, 1985), hemifacial spasm can usually be related to a ""vascular conflict"" which takes place inside the cerebellopontine angle (CPA). Occasionally, the causative lesion can be identified as a mass encasing the facial nerve at its root exit zone (REZ) from the brain stem. The hemifacial spasm has been rarely reported in presence of a contralateral CPA mass (""false localising sign""). Hemifacial spasm in patients with masses in anatomical regions other than the CPA has to be considered exceptional. The case of an adult man harboring an ependymoma of the fourth ventricle whose only neurological sign was a left hemifacial spasm is reported. The rarity of such a condition prompted us to review the literature. Particular attention has been paid to the possible pathogenetic mechanisms and their therapeutic implications.",1999,Revue neurologique,Rev Neurol (Paris),Rapanà A; Guida F; Conti C; Rizzo G; Trincia G,"Rapanà, A; Guida, F; Conti, C; Rizzo, G; Trincia, G",Rapanà A,"Neurosurgical Division Umberto I Hospital, Mestre, Italy.",Brain Neoplasms/complications/*pathology/surgery; Cerebral Ventricles/*pathology/surgery; Ependymoma/complications/*pathology/surgery; Hemifacial Spasm/diagnosis/etiology; Humans; Magnetic Resonance Imaging; Male; Middle Aged,,Brain Neoplasms; Cerebral Ventricles; Ependymoma; Hemifacial Spasm; Humans; Magnetic Resonance Imaging; Male; Middle Aged,Case Reports; Journal Article; Review,,155,4,0035-3787 (Print); 0035-3787 (Linking),309-11,PubMed,
2636799,Contralateral trigeminal neuralgia as a false localizing sign in calcified chronic subdural hematoma: a case report.,"A case of trigeminal neuralgia caused by a contralateral calcified chronic subdural hematoma is reported. Preoperative magnetic resonance imaging revealed rotational displacement of the pons caused by huge chronic subdural hematoma. The neuralgia was completely alleviated after removal of the hematoma. The clinical and radiological features are described, and the possible mechanism of the neuralgia is briefly discussed.",1989,Surgical neurology,Surg Neurol,Kondoh T; Tamaki N; Takeda N; Shirataki K; Mastumoto S,"Kondoh, T; Tamaki, N; Takeda, N; Shirataki, K; Mastumoto, S",Kondoh T,"Department of Neurosurgery, Kobe University School of Medicine, Japan.","Calcinosis/*complications/diagnostic imaging/surgery; Chronic Disease; Hematoma, Subdural/*complications/diagnostic imaging/surgery; Humans; Male; Middle Aged; Radiography; Trigeminal Neuralgia/diagnostic imaging/*etiology/surgery",,"Calcinosis; Chronic Disease; Hematoma, Subdural; Humans; Male; Middle Aged; Radiography; Trigeminal Neuralgia",Case Reports; Journal Article,10.1016/0090-3019(89)90014-1,32,6,0090-3019 (Print); 0090-3019 (Linking),471-5,PubMed,
17297277,Ruptured anterior communicating artery aneurysm causing bilateral oculomotor nerve palsy: a case report.,"A rare case of bilateral third cranial nerve palsy due to a ruptured anterior communicating artery aneurysm is presented. A 68-yr-old woman was semicomatose with bilaterally fixed dilated pupil, abducted eyes, and ptosis. A computed tomography demonstrated extensive hemorrhage spreading around the both Sylvian and interhemisheric fissure without focal mass effect. Intracranial pressure via extraventricular drainage before surgery was 15-50 mmHg. Three months later, brain MRI showed infarction of left posterior cerebral artery territory and lacuna infarction of the pons. Eleven months after aneurysm repair, nerve palsy improved slowly and recovered partially. The patient communicated well with simple words. The author reviewed and discussed the possible mechanism of this rare neuro-ophthalmological manifestation in view of a false localizing sign.",2007,Journal of Korean medical science,J Korean Med Sci,Kang SD,"Kang, Sung Don",Kang SD,"Department of Neurosurgery, School of Medicine, Institute of Wonkwang Medical Science, Wonkwang University, Iksan, Korea. kangsd@wonkwang.ac.kr","Aged; Female; Humans; Intracranial Aneurysm/*complications/surgery; Magnetic Resonance Imaging; Oculomotor Nerve Diseases/*etiology; Rupture, Spontaneous",,"Aged; Female; Humans; Intracranial Aneurysm; Magnetic Resonance Imaging; Oculomotor Nerve Diseases; Rupture, Spontaneous","Case Reports; Journal Article; Research Support, Non-U.S. Gov't",10.3346/jkms.2007.22.1.173,22,1,1011-8934 (Print); 1598-6357 (Electronic); 1011-8934 (Linking),173-6,PubMed,
2770966,[Trigeminal nerve dysfunction as a false localizing sign: a case of the choroid plexus papilloma in the IVth ventricle].,"Trigeminal nerve dysfunction as a false localizing sign, although rate, is known to occur. A case of choroid plexus papilloma in the 4th ventricle with hemifacial numbness is presented. A 24-year-old woman had been suffering from intermittent facial numbness on the left side for 3 months prior to admission. She noted no other symptoms. Neurological examination disclosed marked papilledema, horizontal nystagmus on both lateral gazes and mild truncal ataxia. CT scans showed a calcified mass lesion in the 4th ventricle on the midline extending into the left lateral recess. It was enhanced homogeneously with contrast material. The pathogenesis of such a false localizing sign and its clinical implications were discussed from the anatomical point of view.",1989,No shinkei geka. Neurological surgery,No Shinkei Geka,Nishizawa S; Ninchoji T; Uemura K; Ryu H; Yokoyama T; Simoyama I; Sugiura Y; Takahashi H,"Nishizawa, S; Ninchoji, T; Uemura, K; Ryu, H; Yokoyama, T; Simoyama, I; Sugiura, Y; Takahashi, H",Nishizawa S,"Department of Neurosurgery, Hamamatu University, School of Medicine.","Adult; Cerebral Ventricle Neoplasms/diagnostic imaging/etiology/*physiopathology; *Choroid Plexus; Ependymoma/diagnostic imaging/etiology/*physiopathology; Facial Paralysis/physiopathology; Female; Humans; Tomography, X-Ray Computed; Trigeminal Nerve/*physiopathology",,"Adult; Cerebral Ventricle Neoplasms; Choroid Plexus; Ependymoma; Facial Paralysis; Female; Humans; Tomography, X-Ray Computed; Trigeminal Nerve",Case Reports; Journal Article,,17,3,0301-2603 (Print); 0301-2603 (Linking),273-7,PubMed,
13703848,False localizing signs. A review of the concept and analysis of the occurrence in 250 cases of intracranial meningioma.,,1961,Archives of neurology,Arch Neurol,GASSEL MM,"GASSEL, M M",GASSEL MM,,Brain Neoplasms/*diagnosis; Humans; *Meningeal Neoplasms; Meningioma/*diagnosis; *Neoplasms; *Physical Examination,*BRAIN NEOPLASMS/diagnosis; *MENINGIOMA/diagnosis,Brain Neoplasms; Humans; Meningeal Neoplasms; Meningioma; Neoplasms; Physical Examination; BRAIN NEOPLASMS; MENINGIOMA,Journal Article,10.1001/archneur.1961.00450110056007,4,,0003-9942 (Print); 0003-9942 (Linking),526-54,PubMed,
8837794,False localizing signs in upper cervical spinal cord compression.,"Proprioceptive loss, paresthesias, and atrophy of the hands can occur with disorders afflicting the upper cervical spinal cord. The diagnosis might be erroneous, because compression in this region might produce signs and symptoms that seem to originate in the lower cervical cord. This article reviews the clinical presentation and radiographic data of a consecutive series of 11 patients who presented between 1992 and 1994 with an extradural lesion above the C4 level. Each patient had a characteristic syndrome of finger and hand dysesthesia, hand atrophy, and occipital or cervical pain. These complaints usually preceded the development of spasticity and gait disturbance. Initial diagnoses included brachial plexopathy, shoulder dysfunction, viral syndrome, and cervical spondylosis at a lower segment. Cervical spondylosis or a herniated disc was the most common pathogenesis. The most commonly involved level was C3-C4. Nine patients underwent a surgical procedure; eight showed significant postoperative improvement (mean time of follow-up examination, 9.7 mo; follow-up range, 1-24 mo). One patient was lost to follow-up. Although the pathophysiology of these findings is unknown, theories include anterior spinal artery ischemia, venous obstruction, and differential decussation of the forelimb and hindlimb fibers of the corticospinal tract. Recognition of this syndrome might prevent inappropriate operative intervention in patients with coexisting pathological conditions of the lower cervical spinal cord.",1996,Neurosurgery,Neurosurgery,Sonstein WJ; LaSala PA; Michelsen WJ; Onesti ST,"Sonstein, W J; LaSala, P A; Michelsen, W J; Onesti, S T",Sonstein WJ,"Department of Neurological Surgery, Montefiore Medical Center of The Albert Einstein College of Medicine, Bronx, New York, USA.","Aged; *Cervical Vertebrae/pathology/surgery; Diagnosis, Differential; Female; Fingers/*innervation; Follow-Up Studies; Hand/*innervation; Humans; Laminectomy; Male; Middle Aged; Muscular Atrophy/*etiology; Neurologic Examination; Paresthesia/*etiology; Postoperative Complications/etiology; Spinal Cord Compression/*diagnosis/surgery; Spinal Diseases/*diagnosis/surgery",,"Aged; Cervical Vertebrae; Diagnosis, Differential; Female; Fingers; Follow-Up Studies; Hand; Humans; Laminectomy; Male; Middle Aged; Muscular Atrophy; Neurologic Examination; Paresthesia; Postoperative Complications; Spinal Cord Compression; Spinal Diseases",Case Reports; Journal Article,10.1097/00006123-199603000-00004,38,3,0148-396X (Print); 0148-396X (Linking),445-8; discussion 448-9,PubMed,
7477786,"Concurrent trigeminal, abducens, and facial nerve palsies presenting as false localizing signs: case report.","Multiple cranial nerve dysfunction presenting as false localizing signs is rare. We report a 20-year-old woman who had concurrent trigeminal sensory disturbance, abducens, and peripheral facial nerve palsies in association with a contralateral acoustic neuroma. After surgery, the trigeminal nerve disturbance and the abducens nerve palsy completely recovered, but the peripheral facial nerve palsy persisted. The nature of tumor, the presence of brain stem distortion, the anatomic variation of posterior fossa, and the relationships of cranial nerves and nearby blood vessels, which are factors influencing the occurrence of false localizing, are briefly discussed.",1995,Neurosurgery,Neurosurgery,Ro LS; Chen ST; Tang LM; Wei KC,"Ro, L S; Chen, S T; Tang, L M; Wei, K C",Ro LS,"Department of Neurology, Chang Gung Memorial Hospital and Medical College, Taipei, Taiwan.","Abducens Nerve/*physiopathology; Adult; Brain Mapping; Deglutition Disorders/physiopathology/surgery; Diagnosis, Differential; Diplopia/physiopathology/surgery; Dominance, Cerebral/*physiology; Facial Paralysis/*physiopathology/surgery; Female; Humans; Magnetic Resonance Imaging; Nerve Compression Syndromes/*physiopathology/surgery; Neurologic Examination; Neuroma, Acoustic/*physiopathology/surgery; Ophthalmoplegia/*physiopathology/surgery; Trigeminal Nerve/*physiopathology",,"Abducens Nerve; Adult; Brain Mapping; Deglutition Disorders; Diagnosis, Differential; Diplopia; Dominance, Cerebral; Facial Paralysis; Female; Humans; Magnetic Resonance Imaging; Nerve Compression Syndromes; Neurologic Examination; Neuroma, Acoustic; Ophthalmoplegia; Trigeminal Nerve",Case Reports; Journal Article,,37,2,0148-396X (Print); 0148-396X (Linking),322-4; discussion 324-5,PubMed,
41818115,A Case of Drowning with Acute Kidney Injury and Raised Intracranial Tension.,"BACKGROUND: Drowning is the third leading cause of unintentional injury and death worldwide, accounting for 7% of all injury-related deaths. People who are at higher risk include those who have free accessibility to water and younger children lacking supervision. The common complications of drowning are mainly due to hypoxia. It mainly affects the respiratory, cardiac, and central nervous system. Rarely, drowning may cause acute kidney injury (AKI) secondary to rhabdomyolysis. Here, we present a case of near drowning with AKI, rhabdomyolysis, and elevated intracranial tension (ICT) with a false localizing sign (abducent nerve palsy). CASE DESCRIPTION: A 21-year-old female patient was brought with a history of alleged drowning for about 3-5 minutes. The patient presented with loss of consciousness; she was gasping and had diffuse subcutaneous emphysema. On examination, the patient had bilateral coarse crepitations. She was started on mechanical ventilation. After 2 days, the patient developed elevated renal parameters and had an episode of ventricular tachycardia. After 10 days, the patient developed diplopia and blurring of vision. Ophthalmological examination revealed bilateral abducent nerve palsy with established papilledema and hemorrhagic retinopathy. The patient was treated with IV antibiotics, IV fluids, DC shock, inotropes, hemodialysis, and acetazolamide. After 15 days, the patient recovered from bilateral lateral rectus palsy and had no blurring of vision. CONCLUSION: Drowning is a leading cause of accidental death. This patient had diffuse subcutaneous emphysema, rhabdomyolysis with AKI, ventricular tachycardia, and raised ICT. In drowning, raised ICT often has a poor outcome. However, with constant monitoring and timely intervention this patient survived.",2026,The Journal of the Association of Physicians of India,J Assoc Physicians India,Yamuna M; Geetha T; Shiva NK; Dinesh S,"Yamuna, M; Geetha, T; Shiva, N K; Dinesh, S",Yamuna M,"Junior Resident, Department of General Medicine, Coimbatore Medical College & Hospital, Coimbatore, Tamil Nadu, India, Corresponding Author, Orcid: https://orcid.org/0009-0009-5325-5086. | Professor, Department of General Medicine, Coimbatore Medical College & Hospital, Coimbatore, Tamil Nadu, India, Orcid: https://orcid.org/0009-0001-6040-1426. | Assistant Professor, Department of General Medicine, Coimbatore Medical College & Hospital, Coimbatore, Tamil Nadu, India. | Assistant Professor, Department of General Medicine, Coimbatore Medical College & Hospital, Coimbatore, Tamil Nadu, India.",Humans; Female; *Acute Kidney Injury/etiology/therapy; Young Adult; *Rhabdomyolysis/etiology; *Near Drowning/complications; *Intracranial Hypertension/etiology; *Drowning,,Humans; Female; Acute Kidney Injury; Young Adult; Rhabdomyolysis; Near Drowning; Intracranial Hypertension; Drowning,Case Reports; Journal Article,10.59556/japi.74.1393,74,3,0004-5772 (Print); 0004-5772 (Linking),23-26,PubMed,
14770616,"""False"" localizing signs in intracranial tumor; report of a patient with left trigeminal palsy due to right temporal meningioma.",,1950,A.M.A. archives of neurology and psychiatry,AMA Arch Neurol Psychiatry,EHNI G,"EHNI, G",EHNI G,,*Brain Neoplasms; Humans; *Meningeal Neoplasms; *Meningioma; *Neoplasms; *Paralysis,"*BRAIN TUMOR; *PARALYSIS; *TUMORS, MENINGIOMA","Brain Neoplasms; Humans; Meningeal Neoplasms; Meningioma; Neoplasms; Paralysis; BRAIN TUMOR; PARALYSIS; TUMORS, MENINGIOMA",Journal Article,,64,5,0096-6886 (Print); 0096-6886 (Linking),692-8,PubMed,
29576903,Ruptured posterior cerebral artery aneurysm presenting with a contralateral cranial nerve III palsy: A case report.,"BACKGROUND: Posterior cerebral artery aneurysms can frequently present with an ipsilateral cranial nerve III palsy. CASE DESCRIPTION: We report the first case of a posterior cerebral artery aneurysm associated with a contralateral cranial nerve III palsy. A 64-year-old male presented with acute subarachnoid hemorrhage, Hunt and Hess grade 3, and a left-sided fixed and dilated pupil. Computed tomography scan showed hemorrhage, mainly within the left basal cisterns. Digital subtraction angiography revealed a right-sided P1-P2 junction aneurysm. CONCLUSIONS: This case demonstrates that, although the neurological exam can help pinpoint the location of a lesion, false localizing signs should be recognized.",2018,Surgical neurology international,Surg Neurol Int,Chaudhry NS; Brunozzi D; Shakur SF; Charbel FT; Alaraj A,"Chaudhry, Nauman S; Brunozzi, Denise; Shakur, Sophia F; Charbel, Fady T; Alaraj, Ali",Chaudhry NS,"Department of Neurosurgery, University of Illinois at Chicago, Chicago, Illinois, USA. | Department of Neurosurgery, University of Illinois at Chicago, Chicago, Illinois, USA. | Department of Neurosurgery, University of Illinois at Chicago, Chicago, Illinois, USA. | Department of Neurosurgery, University of Illinois at Chicago, Chicago, Illinois, USA. | Department of Neurosurgery, University of Illinois at Chicago, Chicago, Illinois, USA.",,Cerebral aneurysm; cranial nerve III; oculomotor nerve; posterior cerebral artery; posterior communicating artery; subarachnoid hemorrhage,Cerebral aneurysm; cranial nerve III; oculomotor nerve; posterior cerebral artery; posterior communicating artery; subarachnoid hemorrhage,Case Reports; Journal Article,10.4103/sni.sni_430_17,9,,2229-5097 (Print); 2152-7806 (Electronic); 2152-7806 (Linking),52,PubMed,
2795052,Trigeminal neuralgia associated with contralateral intracranial tumour: a false localising sign caused by vascular compression? Report of two cases.,,1989,"Journal of neurology, neurosurgery, and psychiatry",J Neurol Neurosurg Psychiatry,Michelucci R; Tassinari CA; Plasmati R; Rubboli G; Forti A; Tognetti F; Calbucci F,"Michelucci, R; Tassinari, C A; Plasmati, R; Rubboli, G; Forti, A; Tognetti, F; Calbucci, F",Michelucci R,,Adult; Basilar Artery/pathology; Brain Neoplasms/*complications/diagnostic imaging; Female; Humans; Meningioma/*complications/diagnostic imaging; Radiography; Trigeminal Neuralgia/diagnostic imaging/*etiology,,Adult; Basilar Artery; Brain Neoplasms; Female; Humans; Meningioma; Radiography; Trigeminal Neuralgia,Case Reports; Letter,10.1136/jnnp.52.10.1202,52,10,0022-3050 (Print); 1468-330X (Electronic); 0022-3050 (Linking),1202-3,PubMed,
35079545,Transverse-sigmoid Sinus Dural Arteriovenous Fistula Presenting with False Localizing Signs of Cavernous Sinus Dural Arteriovenous Fistula Due to Obstructed Cerebral Venous Outflow into the Bilateral Superior Ophthalmic Veins: A Case Report.,"Cavernous sinus (CS) dural arteriovenous fistula (dAVF) presents ocular symptoms and visual disorders due to retrograde drainage from the CS into the superior ophthalmic vein (SOV). Some papers reported non-CS dAVFs with those symptoms. We present a unique case of transverse-sigmoid sinus (TSS) dAVF with localizing signs of CS dAVFs resulting from congested cerebral venous outflow into the CSs and SOVs in an 86-year-old female patient. Right pulsatile tinnitus and chemosis appeared a few years ago. After experiencing progressive bilateral blurred vision and decreased visual acuity with papillary edema for a few months, she was admitted to our hospital. Cerebral angiography demonstrated right sigmoid sinus dAVF with retrograde venous reflux into the superior sagittal sinus (SSS) and contralateral TSS without cortical venous reflux. Under the influence of congestion of the SSS, cerebral venous outflow drained into the CSs subsequently into the SOVs. Trans-arterial embolization using ethylene-vinyl alcohol copolymer was conducted via the right middle meningeal artery. After treatment, right chemosis immediately improved. The 2-month follow-up examination revealed resolution of bilateral visual acuity and improvement of papillary edema. Our case demonstrates that retrograde drainage into the SOVs with not only directly arterialized shunted flow but also congested cerebral venous outflow can cause CS dAVFs-like symptoms.",2021,NMC case report journal,NMC Case Rep J,Nariai Y; Takigawa T; Hyodo A; Suzuki K,"Nariai, Yasuhiko; Takigawa, Tomoji; Hyodo, Akio; Suzuki, Kensuke",Nariai Y,"Department of Neurosurgery, Dokkyo Medical University Saitama Medical Center, Koshigaya, Saitama, Japan. | Department of Neurosurgery, Dokkyo Medical University Saitama Medical Center, Koshigaya, Saitama, Japan. | Department of Neurosurgery, Dokkyo Medical University Saitama Medical Center, Koshigaya, Saitama, Japan. | Department of Neurosurgery, Dokkyo Medical University Saitama Medical Center, Koshigaya, Saitama, Japan.",,cavernous sinus; intracranial dural arteriovenous fistulas; transverse-sigmoid sinus,cavernous sinus; intracranial dural arteriovenous fistulas; transverse-sigmoid sinus,Case Reports; Journal Article,10.2176/nmccrj.cr.2021-0243,8,1,2188-4226 (Print); 2188-4226 (Electronic); 2188-4226 (Linking),761-766,PubMed,
24057282,Wrist drop and muscle weakness of the fingers induced by an upper cervical spine anomaly.,"PURPOSE: This report presents a case of wrist drop and muscle weakness of the fingers as a false localizing sign induced by stenosis of the upper cervical spine caused by a bony anomaly. METHODS: A 77-year-old male complained of severe muscle weakness of the right hand. Cervical spine MRI showed a severe and sharp compression of the spinal cord from the dorsal side between C2 and C3 with intramedullary intensity changes and mild stenosis at C3/4 and C4/5. RESULTS: The patient underwent laminectomy of C2, cranial side laminotomy of C3, and laminectomy of C4. Decompression of the spinal cord was demonstrated 1 year after surgery. The patient achieved full recovery of the muscle weakness 1 year after undergoing surgery. CONCLUSIONS: The pathophysiology of false localizing signs remains controversial; however, we believe that this unusual compression pattern and level had the possibility to induce atypical myelopathies such as drop hand and finger of the unilateral hand in this case.",2014,"European spine journal : official publication of the European Spine Society, the European Spinal Deformity Society, and the European Section of the Cervical Spine Research Society",Eur Spine J,Tsunoda D; Iizuka H; Iizuka Y; Nishinome M; Takagishi K,"Tsunoda, Daisuke; Iizuka, Haku; Iizuka, Yoichi; Nishinome, Masahiro; Takagishi, Kenji",Tsunoda D,"Department of Orthopaedic Surgery, Gunma University Graduate School of Medicine, 3-39-22, Showa, Maebashi, Gunma, 371-8511, Japan.","Aged; Cervical Vertebrae/*abnormalities/surgery; Decompression, Surgical; *Hand; Humans; Laminectomy; Magnetic Resonance Imaging; Male; Muscle Weakness/*etiology; Spinal Cord Compression/complications/*diagnosis/surgery; Spinal Stenosis/complications/*diagnosis/surgery",,"Aged; Cervical Vertebrae; Decompression, Surgical; Hand; Humans; Laminectomy; Magnetic Resonance Imaging; Male; Muscle Weakness; Spinal Cord Compression; Spinal Stenosis",Case Reports; Journal Article,10.1007/s00586-013-3038-4,23 Suppl 2,,1432-0932 (Electronic); 0940-6719 (Linking),218-21,PubMed,
1219088,Multiple crossed false localizing signs in a posterior fossa tumour.,"Involvement of the lower cranial nerves as false localizing signs of intracranial tumour is very rare. A laterally placed posterior fossa meningioma gave rise to contralateral cerebellar ataxia and palsies of the fifth, ninth, and tenth cranial nerves.",1975,"Journal of neurology, neurosurgery, and psychiatry",J Neurol Neurosurg Psychiatry,Maurice-Williams RS,"Maurice-Williams, R S",Maurice-Williams RS,,"Brain Neoplasms/complications/*diagnosis; Cerebellar Ataxia/etiology; *Cranial Fossa, Posterior; Female; Glossopharyngeal Nerve; Humans; Meningioma/complications/*diagnosis; Middle Aged; Paralysis/etiology; Radionuclide Imaging; *Skull; Trigeminal Nerve; Vagus Nerve",,"Brain Neoplasms; Cerebellar Ataxia; Cranial Fossa, Posterior; Female; Glossopharyngeal Nerve; Humans; Meningioma; Middle Aged; Paralysis; Radionuclide Imaging; Skull; Trigeminal Nerve; Vagus Nerve",Case Reports; Journal Article,10.1136/jnnp.38.12.1232,38,12,0022-3050 (Print); 1468-330X (Electronic); 0022-3050 (Linking),1232-4,PubMed,
22689848,Eye twist and tongue twist: a rare neurological syndrome.,"A 27-year-old man presented with diplopia without features of raised intracranial pressure. He had left sixth cranial nerve (CN) palsy. Initial investigations in the form of blood tests, cerebrospinal fluid (CSF) opening pressure including CSF analysis and CT head were normal. He represented with paraparesis after 3 weeks. Examination revealed sixth CN palsy (eye twist) and new left-sided twelfth CN palsy (tongue twist), and hence Godtfredsen syndrome was diagnosed. MRI showed vertebral and clivus metastases. He showed partial response to high dose steroid. The statement 'sixth CN palsy may be a false localising sign' in neurology, should be followed by '....it can also be a true initial sign of clivus mass.'",2011,BMJ case reports,BMJ Case Rep,Thapa L; Paudel R; Chhetri P; Rana PV,"Thapa, Lekhjung; Paudel, Raju; Chhetri, Pramod; Rana, P V S",Thapa L,"Department of Neurology, College of Medical Sciences-Teaching Hospital, Bharatpur, Nepal. kushrajt@yahoo.co.in","Abducens Nerve Diseases/*diagnosis/drug therapy/physiopathology; Adult; Cranial Fossa, Posterior/physiopathology; Diagnosis, Differential; Diplopia/physiopathology; Glucocorticoids/therapeutic use; Humans; Magnetic Resonance Imaging; Male; Syndrome; Tomography, X-Ray Computed; Tongue/physiopathology",,"Abducens Nerve Diseases; Adult; Cranial Fossa, Posterior; Diagnosis, Differential; Diplopia; Glucocorticoids; Humans; Magnetic Resonance Imaging; Male; Syndrome; Tomography, X-Ray Computed; Tongue",Case Reports; Journal Article,10.1136/bcr.06.2011.4366,2011,,1757-790X (Electronic); 1757-790X (Linking),,PubMed,
19558290,Spontaneous spinal epidural hematoma inducing acute anterior spinal cord syndrome.,"Spontaneous spinal epidural hematoma (SSEH) is rare. Its etiology remains controversial; however, spinal venous wall susceptibility to intravenous pressure change and the resultant venous rupture seem to be involved. The authors report a case of SSEH dorsal to the spine producing acute anterior spinal cord syndrome. A posterior SSEH between the C-3 and T-5 levels caused progressive tetraparesis and the disappearance of superficial body sensation below the level of C-8, although deep sensation remained completely intact. This neurological false localizing sign seems to have resulted from counterforce by preexisting asymptomatic cervical intervertebral disc herniation at the C6-7 levels inducing direct pressure on the anterior spinal cord. This case is the first reported instance of posterior cervical SSEH manifesting acute anterior spinal cord syndrome as its false localizing sign.",2009,Journal of neurosurgery. Spine,J Neurosurg Spine,Kunizawa A; Fujioka M; Suzuki S; Ryu T; Asai A; Kawamoto K; Kitazawa Y,"Kunizawa, Ai; Fujioka, Masayuki; Suzuki, Satoshi; Ryu, Takashi; Asai, Akio; Kawamoto, Keiji; Kitazawa, Yasuhide",Kunizawa A,"Department of Critical Care Medicine, Kansai Medical University, Hirakata-city, Osaka, Japan.","Acute Disease; Cervical Vertebrae; Female; Hematoma, Epidural, Spinal/*complications/pathology/*surgery; Humans; Magnetic Resonance Imaging; Middle Aged; Quadriplegia/etiology/pathology/surgery; Spinal Cord Compression/*etiology/pathology/*surgery; Thoracic Vertebrae",,"Acute Disease; Cervical Vertebrae; Female; Hematoma, Epidural, Spinal; Humans; Magnetic Resonance Imaging; Middle Aged; Quadriplegia; Spinal Cord Compression; Thoracic Vertebrae",Case Reports; Journal Article,10.3171/2009.2.spine08342,10,6,1547-5654 (Print); 1547-5646 (Linking),574-7,PubMed,
3273514,[Paralysis of the vertical gaze caused by a hematoma of the caudate nucleus. A false localizing sign].,,1988,"Neurologia (Barcelona, Spain)",Neurologia,López de Munain A; Martí Massó JF; Carrera N; Urtasún M; Blanco A,"López de Munain, A; Martí Massó, J F; Carrera, N; Urtasún, M; Blanco, A",López de Munain A,,"*Caudate Nucleus; Cerebral Hemorrhage/*complications/diagnosis; Hematoma/*complications/diagnosis; Humans; Male; Memory Disorders/etiology; Middle Aged; Nystagmus, Pathologic/etiology; Ophthalmoplegia/*etiology; Syndrome",,"Caudate Nucleus; Cerebral Hemorrhage; Hematoma; Humans; Male; Memory Disorders; Middle Aged; Nystagmus, Pathologic; Ophthalmoplegia; Syndrome",Case Reports; English Abstract; Journal Article,,3,3,0213-4853 (Print); 0213-4853 (Linking),116-9,PubMed,
18976053,Emergency suboccipital decompression for respiratory arrest during supratentorial surgery: the untold story of a surgeon's courage in times of despair.,"The odyssey leading to the discovery of herniation syndromes was prolonged due to a lack of early understanding of the underlying pathophysiology. In 1896, Leonard Hill documented transtentorial pressure gradients as the intervening phenomenon involved in uncal herniation. In 1904, James Collier became the first to describe cerebellar tonsillar herniation as a ""false localizing sign"" often associated with intracranial tumors. During the infancy of neurological surgery, management of increased intracranial pressure and an improved understanding of brain herniation syndromes were of the utmost importance in achieving a safe technique. Harvey Cushing provided seminal contributions in understanding the pathophysiology of increased intracranial pressure and resulting cardiopulmonary effects. Cushing believed that tonsillar herniation was a cause of acute cardiorespiratory compromise in patients with intracranial tumors. In this vignette, we describe the untold story of Cushing's heroic attempt to treat respiratory arrest operatively during supratentorial tumor surgery with an emergency suboccipital craniectomy to relieve the medullary dysfunction that he believed was caused by compression from tonsillar herniation. This case illustrates a surgeon's determination and courage in fighting for his patient's life in the most desperate of times.",2009,Journal of neurosurgery,J Neurosurg,Shelton BA; O'Hara E; Tubbs RS; Shoja MM; Barker FG; Cohen-Gadol AA,"Shelton, Beth Ann; O'Hara, Edward; Tubbs, R Shane; Shoja, Mohammadli M; Barker, Fred G; Cohen-Gadol, Aaron A",Shelton BA,"Indiana University Department of Neurosurgery, Indianapolis, Indiana, USA.","Brain Neoplasms/*history; Child; Craniotomy/*history; Decompression, Surgical/*history; Emergencies/*history; Encephalocele/*history; Heart Arrest/*history; History, 19th Century; History, 20th Century; Humans; Male; Neurosurgery/*history; Supratentorial Neoplasms/*history; United States",,"Brain Neoplasms; Child; Craniotomy; Decompression, Surgical; Emergencies; Encephalocele; Heart Arrest; History, 19th Century; History, 20th Century; Humans; Male; Neurosurgery; Supratentorial Neoplasms; United States",Biography; Historical Article; Journal Article,10.3171/2008.8.jns08773,110,2,0022-3085 (Print); 0022-3085 (Linking),391-4,PubMed,
2942571,Presentation of pinealoblastoma with ocular dipping and deafness.,"Ocular dipping and deafness as presenting manifestations in a patient with pinealoblastoma are highly unusual. Presence of a discrete lesion allows us to postulate a mechanism to explain ocular dipping in light of the present understanding of vertical eye movement control. A mechanism for deafness, probably a false localizing sign of raised intracranial pressure, is proposed also.",1986,Journal of clinical neuro-ophthalmology,J Clin Neuroophthalmol,Toshniwal P; Yadava R; Goldbarg H,"Toshniwal, P; Yadava, R; Goldbarg, H",Toshniwal P,,Brain Neoplasms/*complications; Child; Deafness/*etiology; *Eye Movements; Female; Humans; Movement Disorders/*etiology; *Pineal Gland; Pinealoma/*complications,,Brain Neoplasms; Child; Deafness; Eye Movements; Female; Humans; Movement Disorders; Pineal Gland; Pinealoma,Case Reports; Journal Article,,6,2,0272-846X (Print); 0272-846X (Linking),128-36,PubMed,
7058704,Relation of false localizing signs and remote hyperaemia in patients with intracranial mass lesions.,"Seventeen patients with intracranial mass lesions underwent rCBF measurements with the xenon-133 carotid injection technique. In 11 patients remote areas of hyperaemia were found. There was a relation between location of the remote hyperaemia and the site of the mass lesion. In 10 of 11 patients with remote hyperaemia autoregulation was focally lost, and in 5 of 7 patients there was focal impairment of arterial pCO2-reactivity. In 8 of 11 patients with remote hyperaemia false localizing signs were found, related to the hyperaemic areas. It is suggested that the remote hyperaemic areas may be the result of brain bulk shifting due to the mass lesion and represent the initial stage of brain herniation.",1982,Acta neurochirurgica,Acta Neurochir (Wien),Gelmers HJ; Beks JW,"Gelmers, H J; Beks, J W",Gelmers HJ,,"Adult; Aged; Blood Vessels/physiopathology; Brain Diseases/*diagnostic imaging; Cerebrovascular Circulation; Cranial Fossa, Posterior; False Positive Reactions; Female; Frontal Lobe; Homeostasis; Humans; Hyperemia/*diagnostic imaging/physiopathology; Male; Mental Processes/physiology; Middle Aged; Parietal Lobe; Radiography; Visual Fields",,"Adult; Aged; Blood Vessels; Brain Diseases; Cerebrovascular Circulation; Cranial Fossa, Posterior; False Positive Reactions; Female; Frontal Lobe; Homeostasis; Humans; Hyperemia; Male; Mental Processes; Middle Aged; Parietal Lobe; Radiography; Visual Fields",Journal Article,10.1007/bf01401753,60,1-2,0001-6268 (Print); 0001-6268 (Linking),81-9,PubMed,
17667777,Facial palsy and fallopian canal expansion associated with idiopathic intracranial hypertension.,"OBJECTIVE: Describe neurotologic findings associated with idiopathic intracranial hypertension (IIH). STUDY DESIGN: Retrospective. SETTING: Tertiary referral center. PATIENTS: Case of IIH (>250 mm water) presenting with unilateral facial palsy and enlargement of the fallopian canal on computed tomography and magnetic resonance imaging. INTERVENTION(S): Oral acetazolamide, corticosteroids, and cerebrospinal fluid drainage. MAIN OUTCOME MEASURE(S): Intracranial pressure measurement, cranial nerve examination, audiometry, and symptom assessment. RESULTS: Audiometry revealed asymmetric sensorineural hearing loss. Enlargement of the fallopian canal with cerebrospinal fluid was evident on imaging studies. Partial resolution of IIH symptoms was achieved. CONCLUSION: IIH is an enigmatic disease entity. Increased intracranial pressure usually presents with headache and pulsatile tinnitus and is occasionally associated with cranial neuropathies. Abducens palsy is most common, producing diplopia. Cranial nerve involvement is often asymmetric, producing false localizing signs. Facial paralysis is an uncommon sequela of IIH. Treatment of IIH consists of reducing intracranial pressure. Corticosteroids are recommended for treatment of facial paralysis.",2007,"Otology & neurotology : official publication of the American Otological Society, American Neurotology Society [and] European Academy of Otology and Neurotology",Otol Neurotol,Brackmann DE; Doherty JK,"Brackmann, Derald E; Doherty, Joni K",Brackmann DE,"House Clinic and House Ear Institute, Los Angeles 90057, and University of California, San Diego, Division of Otolaryngology-Head & Neck Surgery, La Jolla, California, USA. dbrackmann@hei.org","Acetazolamide/therapeutic use; Child; Diagnosis, Differential; Facial Paralysis/*complications/diagnosis; Geniculate Ganglion/*diagnostic imaging/physiopathology; Hearing Loss, Bilateral/complications/diagnosis; Humans; Intracranial Hypertension/*complications/diagnosis/drug therapy; Male; Papilledema/complications/diagnosis; Pseudotumor Cerebri/diagnosis/physiopathology; Radiography; Retrospective Studies",,"Acetazolamide; Child; Diagnosis, Differential; Facial Paralysis; Geniculate Ganglion; Hearing Loss, Bilateral; Humans; Intracranial Hypertension; Male; Papilledema; Pseudotumor Cerebri; Radiography; Retrospective Studies",Case Reports; Journal Article,10.1097/01.mao.0000281801.51821.27,28,5,1531-7129 (Print); 1531-7129 (Linking),715-8,PubMed,
8413812,[Venous thrombosis after closed head injury: a report of two cases presenting as intracranial hypertension].,"Although sinus thrombosis occurs owing to various causes, sinus thrombosis after closed head injury is rarely reported. The authors encountered 2 cases with sinus thrombosis in whom intracranial hypertension occurred after closed head injury. In case 1, left abducens and oculomotor palsy developed as a false localizing sign, together with symptoms of intracranial hypertension 10 days after head injury. Using angiography, we made a diagnosis of stenosis of the superior sagittal sinus. Since the symptoms were aggravated under conservative treatment, V-P shunt was performed, but impaired vision was not improved. In case 2, symptoms of intracranial hypertension occurred 10 days after head injury. We performed magnetic resonance angiography (MRA) and made a diagnosis of stenosis of the bilateral transverse sinuses. The symptoms improved under conservative treatment. The use of conventional angiography has been the most reliable for a diagnosis of sinus thrombosis, but MRA will become useful from now on. For diagnosis, it is important to suspect sinus thrombosis after closed head injury. Surgical decompression is required for patients in whom symptoms are aggravated under conservative treatment.",1993,No shinkei geka. Neurological surgery,No Shinkei Geka,Satoh H; Uozumi T; Kiya K; Arita K; Kurisu K; Sumida M; Ikawa F,"Satoh, H; Uozumi, T; Kiya, K; Arita, K; Kurisu, K; Sumida, M; Ikawa, F",Satoh H,"Department of Neurosurgery, Hiroshima University School of Medicine.","Child; Craniocerebral Trauma/*complications; Female; Humans; Magnetic Resonance Imaging; Male; Pseudotumor Cerebri/*etiology; Sinus Thrombosis, Intracranial/diagnosis/*etiology; Wounds, Nonpenetrating/*complications",,"Child; Craniocerebral Trauma; Female; Humans; Magnetic Resonance Imaging; Male; Pseudotumor Cerebri; Sinus Thrombosis, Intracranial; Wounds, Nonpenetrating",Case Reports; English Abstract; Journal Article; Review,,21,10,0301-2603 (Print); 0301-2603 (Linking),953-7,PubMed,
8847575,Trigeminal neuralgia and hemifacial spasm as false localizing signs in patients with a contralateral mass of the posterior cranial fossa. Report of three cases.,"Trigeminal neuralgia and hemifacial spasm were false localizing signs in three patients with contralateral space-occupying mass lesions in the posterior cranial fossa. According to radiological observations, the brainstem was remarkably displaced and distorted toward the side contralateral to the mass in all three cases. In the two cases with trigeminal neuralgia, the fifth cranial nerve was embedded in a thick arachnoid membrane and strongly compressed and angulated between the brainstem and the petrous bone, but there was no apparent vascular involvement. In the case with hemifacial spasm, only the contralateral tumor was removed. Postoperatively, all three patients experienced complete cessation of the symptoms without recurrence. Based on the operative findings, the authors postulate that angulation and distortion of the axis of the cranial nerve due to the contralateral mass, accompanied by thickening of the arachnoid membrane around the nerve, play an important role in false localizing signs, particularly in patients with trigeminal neuralgia.",1996,Journal of neurosurgery,J Neurosurg,Matsuura N; Kondo A,"Matsuura, N; Kondo, A",Matsuura N,"Department of Neurosurgery, Kitano Medical Research Institute and Hospital, Osaka, Japan.","Adult; Brain Neoplasms/*pathology; Cranial Fossa, Posterior/*pathology; Facial Nerve Diseases/*physiopathology; Female; Humans; Magnetic Resonance Imaging; Male; Middle Aged; Spasm/*physiopathology; Trigeminal Neuralgia/*pathology/physiopathology",,"Adult; Brain Neoplasms; Cranial Fossa, Posterior; Facial Nerve Diseases; Female; Humans; Magnetic Resonance Imaging; Male; Middle Aged; Spasm; Trigeminal Neuralgia",Case Reports; Journal Article,10.3171/jns.1996.84.6.1067,84,6,0022-3085 (Print); 0022-3085 (Linking),1067-71,PubMed,
10390175,Persistent trigeminal neuralgia after removal of contralateral posterior cranial fossa tumor. Report of two cases.,"BACKGROUND: Contralateral trigeminal neuralgia as a false localizing sign in patients with posterior cranial fossa tumors is rare. Persistent contralateral trigeminal neuralgia after removal of the posterior fossa expanding lesion with microsurgical exploration of the affected trigeminal nerve root has been described in only a few reports. Displacement of the brainstem and the trigeminal nerve root, arachnoid adhesions, and vascular compression of the nerve root entry zone have been reported as causes of persistent contralateral trigeminal neuralgia. METHODS: One patient developed transformation of the contralateral constant burning facial pain into trigeminal neuralgia after removal of a posterior fossa meningioma. A typical right-sided tic douloureux in our second patient did not disappear after removal of a left acoustic neurinoma. CT scan revealed brainstem displacement to the side of trigeminal neuralgia. Microsurgical exploration in both cases demonstrated the squeezed and distorted trigeminal nerve root and displaced brain stem with no vascular involvement. Both patients underwent partial trigeminal rhizotomy for pain control. RESULTS: Complete disappearance of the trigeminal neuralgia was evident in both cases with postoperative facial sensory loss. The postoperative course in the first case was uneventful; the second patient died from purulent meningoencephalitis. CONCLUSION: Persistent contralateral trigeminal neuralgia after removal of a posterior fossa tumor is caused by distortion of the fifth nerve root by the displaced brainstem. Partial trigeminal rhizotomy can be performed for alleviation of facial neuralgic pain in cases without neurovascular compression.",1999,Surgical neurology,Surg Neurol,Grigoryan YA; Onopchenko CV,"Grigoryan, Y A; Onopchenko, C V",Grigoryan YA,"Department of Neurosurgery, Russian Medical Academy of Postgraduate Education, Botkin Hospital, Moscow.","Aged; *Cranial Fossa, Posterior; Craniotomy/*adverse effects; Fatal Outcome; Female; Functional Laterality; Humans; Meningoencephalitis/etiology; Middle Aged; Neuroma, Acoustic/*surgery; Rhizotomy/adverse effects; Skull Base Neoplasms/*surgery; Suppuration; Tomography, X-Ray Computed; Trigeminal Neuralgia/*etiology/surgery",,"Aged; Cranial Fossa, Posterior; Craniotomy; Fatal Outcome; Female; Functional Laterality; Humans; Meningoencephalitis; Middle Aged; Neuroma, Acoustic; Rhizotomy; Skull Base Neoplasms; Suppuration; Tomography, X-Ray Computed; Trigeminal Neuralgia",Case Reports; Journal Article,10.1016/s0090-3019(99)00050-6,52,1,0090-3019 (Print); 0090-3019 (Linking),56-60; discussion 60-1,PubMed,
4414886,Ocular motor disturbances occurring as false localizing signs in ruptured intracranial aneurysms.,,1974,Acta neurochirurgica,Acta Neurochir (Wien),Suzuki J; Iwabuchi T,"Suzuki, J; Iwabuchi, T",Suzuki J,,"Axillary Artery/diagnostic imaging; Carotid Arteries/diagnostic imaging; Female; Humans; Intracranial Aneurysm/*complications/diagnosis/diagnostic imaging; Male; Middle Aged; Nystagmus, Pathologic/diagnosis/etiology; Ophthalmoplegia/diagnosis/*etiology; Radiography; Rupture, Spontaneous/complications; Time Factors; Vertebral Artery/diagnostic imaging",,"Axillary Artery; Carotid Arteries; Female; Humans; Intracranial Aneurysm; Male; Middle Aged; Nystagmus, Pathologic; Ophthalmoplegia; Radiography; Rupture, Spontaneous; Time Factors; Vertebral Artery",Journal Article,10.1007/bf01405760,30,1-2,0001-6268 (Print); 0001-6268 (Linking),119-28,PubMed,
28144490,Application of time-spatial labeling inversion pulse magnetic resonance imaging in the diagnosis of spontaneous intracranial hypotension due to high-flow cerebrospinal fluid leakage at C1-2.,"BACKGROUND: Spontaneous intracranial hypotension (SIH) due to cerebrospinal fluid (CSF) leakage at C1-2 poses diagnostic and therapeutic challenges to spine surgeons. Although computed tomography (CT) myelography has been the diagnostic imaging modality of choice for identifying the CSF leakage point, extradural CSF collection at C1-2 on conventional CT myelography or magnetic resonance imaging (MRI) may often be a false localizing sign. CASE DESCRIPTION: The present study reports the successful application of time-spatial labeling inversion pulse (T-SLIP) MRI, which enabled the precise identification of the CSF leakage point at C1-2 in a 28-year-old woman with intractable SIH. After identifying the leakage point using both CT myelography and T-SLIP MRI, surgery was performed to seal the CSF leak. Intraoperatively, a pouch suggestive of an extradural arachnoid cyst around the left C2 nerve root was found, which was repaired by packing the pouch with muscle and fibrin glue. Clinical improvement was observed shortly after surgery, and postoperative imaging revealed the disappearance of the CSF leakage. CONCLUSIONS: T-SLIP MRI may provide useful information on the flow dynamics of CSF in SIH patients due to high-flow leakage. However, further experience is required to assess its sensitivity and specificity as an imaging modality for identifying CSF leakage points.",2016,Surgical neurology international,Surg Neurol Int,Hattori N; Inamasu J; Nakae S; Hirose Y; Murayama K,"Hattori, Natsuki; Inamasu, Joji; Nakae, Shunsuke; Hirose, Yuichi; Murayama, Kazuhiro",Hattori N,"Department of Neurosurgery, Fujita Health University Hospital, Toyoake, Japan. | Department of Neurosurgery, Fujita Health University Hospital, Toyoake, Japan. | Department of Neurosurgery, Fujita Health University Hospital, Toyoake, Japan. | Department of Neurosurgery, Fujita Health University Hospital, Toyoake, Japan. | Department of Diagnostic Radiology, Fujita Health University Hospital, Toyoake, Japan.",,C1-2; CT myelography; cerebrospinal fluid leakage; spontaneous intracranial hypotension; time-spatial labeling inversion pulse (T-SLIP) MRI,C1-2; CT myelography; cerebrospinal fluid leakage; spontaneous intracranial hypotension; time-spatial labeling inversion pulse (T-SLIP) MRI,Case Reports; Journal Article,10.4103/2152-7806.196765,7,Suppl 42,2229-5097 (Print); 2152-7806 (Electronic); 2152-7806 (Linking),S1085-S1088,PubMed,
23960062,Bilateral Morgagni hernia: operative discovery of appendix lying on superior pulmonary vein.,"A patient presented having an acute abdomen on a background of a twelve-month history of worsening asthma. Computed tomography showed giant bilateral intrathoracic hernias extending to both thoracic apices. Our case was unusual as the defect was bilateral and left-sided. Surgical repair revealed each hernia sac measuring >20 cm and to contain the entirety of the small bowel and colon (including retroperitoneal bowel). The appendix was discovered adjacent to right superior pulmonary vein. Both sacs were excised and the defects dissected and transfixed in a single stage operation. In the post-operative stage, he developed a 6.3 cm fluid collection anterior to the right atrium and a left-sided pleural effusion. Morgagni hernias can escape detection and be attributed to other diagnoses courtesy of false localising signs on clinical examination and symptoms in the history.",2013,Scottish medical journal,Scott Med J,Lammy S; Stewart M; Carnochan FM; Walker WS,"Lammy, S; Stewart, M; Carnochan, F M; Walker, W S",Lammy S,"CT1 Cardiothoracic Surgery, Department of Cardiothoracic Surgery, Royal Infirmary of Edinburgh, UK. lammy@doctors.org.uk","Abdomen, Acute/diagnostic imaging/etiology/*pathology; Appendix/*pathology; Asthma/etiology/*pathology/surgery; Chest Tubes; Hernia, Diaphragmatic/complications/*pathology/surgery; Humans; Male; Middle Aged; Pleural Effusion/etiology/*pathology/surgery; Pulmonary Veins/diagnostic imaging/*pathology; Risk Assessment; Scotland; Severity of Illness Index; *Tomography, X-Ray Computed; Treatment Outcome",Morgagni; asthma; diaphragmatic; herniae,"Abdomen, Acute; Appendix; Asthma; Chest Tubes; Hernia, Diaphragmatic; Humans; Male; Middle Aged; Pleural Effusion; Pulmonary Veins; Risk Assessment; Scotland; Severity of Illness Index; Tomography, X-Ray Computed; Treatment Outcome; Morgagni; asthma; diaphragmatic; herniae",Case Reports; Journal Article,10.1177/0036933013496917,58,3,2045-6441 (Electronic); 0036-9330 (Linking),e1-3,PubMed,
9760974,Symptomatic leptomeningeal metastases preceding other manifestations of occult primary brain tumors.,"Rarely, primary brain tumors may present with signs and symptoms due to diffuse multifocal leptomeningeal spread of tumor. These false localizing signs divert attention from the primary tumor, which remains relatively silent. The two patients reported here exemplify the confusing clinical pictures that may result.",1981,Surgical neurology,Surg Neurol,Corbett JJ; Newman NM,"Corbett, J J; Newman, N M",Corbett JJ,"Department of Neurology, University of Iowa, Iowa City, USA.","Adolescent; Adult; Aged; Brain Neoplasms/*pathology; Child; Diagnosis, Differential; Female; Glioma/*secondary; Humans; Male; Meningeal Neoplasms/*secondary; Middle Aged; Neoplasms, Unknown Primary/*pathology",,"Adolescent; Adult; Aged; Brain Neoplasms; Child; Diagnosis, Differential; Female; Glioma; Humans; Male; Meningeal Neoplasms; Middle Aged; Neoplasms, Unknown Primary",Case Reports; Journal Article,10.1016/0090-3019(81)90171-3,15,5,0090-3019 (Print); 0090-3019 (Linking),362-7,PubMed,
4000365,[Trigeminal involvement and peripheral facial paralysis caused by Arnold-Chiari malformation with hydrocephalus].,"The case of a 26 years old woman who presented with hydrocephalus from an Arnold-Chiari malformation is described. The first signs were a left trigeminal disorder and a left facial paresis as false localizing signs. Symptomatology was secondary to decompensation of the hydrocephalus, and was associated with aqueductal stenosis. Complete and rapid regression of the symptomatology after ventriculo-caval shunt was observed. Type 1 Arnold-Chiari malformation can manifest itself clinically in a number of ways. Cranial nerve abnormalities are uncommon, and may be false localizing signs. Unsuccessful investigations can delay the diagnosis and the treatment.",1985,Neuro-Chirurgie,Neurochirurgie,Uldry PA; Fankhauser H; de Tribolet N,"Uldry, P A; Fankhauser, H; de Tribolet, N",Uldry PA,,"Adult; Arnold-Chiari Malformation/*complications/diagnostic imaging; Cerebrospinal Fluid Shunts; Facial Neuralgia/*etiology/therapy; Female; Follow-Up Studies; Humans; Hydrocephalus/*complications; Paralysis/*etiology; Tomography, X-Ray Computed; Trigeminal Neuralgia/*etiology/therapy",,"Adult; Arnold-Chiari Malformation; Cerebrospinal Fluid Shunts; Facial Neuralgia; Female; Follow-Up Studies; Humans; Hydrocephalus; Paralysis; Tomography, X-Ray Computed; Trigeminal Neuralgia",Case Reports; Journal Article,,31,1,0028-3770 (Print); 0028-3770 (Linking),73-5,PubMed,
724079,[Lateral ventricle tumors (Part 1)--clinical manifestations on 30 cases (author's transl)].,"The clinical investigations especially on symptomatology of 30 cases of the tumors of the lateral ventricle are carried out. For the clinical analysis, in agreement with Koos and Laubichler, the tumors of the lateral ventricle are classified into 2 groups, as follows: 1. Intraventricular tumors group (11 cases). 2. Paraventricular tumors group (18 cases). The following points are emphasized in the clinical features excluding radiological findings. 1. Because of symptomatologically no difference between the intraventricular tumors group and paraventricular tumors group, paraventricular tumors are included into the tumors of the lateral ventricle. 2. On neurological signs and symptoms, we contrast ""false"" localising signs which are common in patients with objective evidence of raised intracranial pressure and intermittent symptoms which occur more frequently with tumors in the ventricular system. 3. The results of surgical removal of the tumors are not always good. The diversity of results probably reflects the grade of malignancy and growth of the tumors, and skillfulness of operative technique is required, not to do damage to essential neurological elements and vital structures neighbouring the lateral ventricle.",1978,No shinkei geka. Neurological surgery,No Shinkei Geka,Kitaoka K; Tashiro K; Sato M; Abe H; Tsuru M,"Kitaoka, K; Tashiro, K; Sato, M; Abe, H; Tsuru, M",Kitaoka K,,Adolescent; Adult; *Cerebral Ventricle Neoplasms/pathology/surgery; Child; Female; Humans; Male; Middle Aged,,Adolescent; Adult; Cerebral Ventricle Neoplasms; Child; Female; Humans; Male; Middle Aged,English Abstract; Journal Article,,6,8,0301-2603 (Print); 0301-2603 (Linking),757-65,PubMed,
9198099,[Magnetic resonance imaging of Kernohan's notch in chronic subdural hematoma].,"Compression of the crus cerebri against the free edge of the tentorium contralateral to a supratentorial mass, the so-called Kernohan's notch, can be a cause of false localizing sign. Kernohan's notch has been thoroughly studied clinically and pathologically, but not radiographically. The authors describe a case of left chronic subdural hematoma, which resulted in left hemiparesis caused by Kernohan's notch. Injury to the contralateral cerebral peduncle was clearly shown by magnetic resonance imaging (MRI) performed in the postoperative period. A 43-year-old man was transferred to our hospital in deep coma with dilated pupils, unreactive to light. Computed tomography (CT) scans obtained on admission revealed a left chronic subdural hematoma and a midline shift to the right. After drainage and irrigation of the left chronic subdural hematoma through a single burr hole, his clinical condition improved gradually. But 1 month after the operation, mild left hemiparesis still persisted. MRI T2-weighted images demonstrated an abnormally increased signal area in the right cerebral peduncle. T1-weighted coronal images showed the anatomical relationship between the hypointense lesion in the right cerebral peduncle and tentorial edge. Three-dimensional-MRI (3D-MRI) clearly demonstrated the surface image of Kernohan's notch. We emphasize the utility of 3D-MRI for detecting evidence of brain stem injury, such as Kerno han's notch.",1997,No to shinkei = Brain and nerve,No To Shinkei,Yamasaki F; Kodama Y; Hotta T; Yuki K; Taniguchi E; Hashizume A,"Yamasaki, F; Kodama, Y; Hotta, T; Yuki, K; Taniguchi, E; Hashizume, A",Yamasaki F,"Department of Neurosurgery, Kure National Hospital, Japan.","Adult; Brain/*pathology; Chronic Disease; Encephalocele/etiology/pathology; Hematoma, Subdural/complications/*pathology; Hemiplegia/etiology; Humans; *Magnetic Resonance Imaging; Male",,"Adult; Brain; Chronic Disease; Encephalocele; Hematoma, Subdural; Hemiplegia; Humans; Magnetic Resonance Imaging; Male",Case Reports; English Abstract; Journal Article,,49,6,0006-8969 (Print); 0006-8969 (Linking),563-6,PubMed,
,CEREBELLAR TUMORS IN CHILDREN,"Examination for ataxia, general symptoms of cerebellar tumor, localizing signs, false localizing signs, and differential diagnosis are described.",1967,MAYO CLINIC PROCEEDINGS,,BROWN JR,"BROWN, JR",BROWN JR,,,,,J,,42,8,,511,WoS,WOS:A19679762100007
,"The false, localising signs of intracranial tumour.",,1904,BRAIN,,Collier J,"Collier, J",Collier J,,,,,J,10.1093/brain/27.4.490,27,,,490,WoS,WOS:000201327700019
,The false localizing signs of spinal cord tumor.,,1921,ARCHIVES OF NEUROLOGY AND PSYCHIATRY,,Elsberg CA,"Elsberg, CA",Elsberg CA,,,,,J,10.1001/archneurpsyc.1921.02180250067006,5,1,,64,WoS,WOS:000201537600006
,Lesson of the week - False localising signs in the spinal cord,,1996,BMJ-BRITISH MEDICAL JOURNAL,,Jamieson DRS; Teasdale E; Willison HJ,"Jamieson, DRS; Teasdale, E; Willison, HJ",Jamieson DRS,,,,,J,,312,7025,,243,WoS,WOS:A1996TT48600040
,Unusual case of trigeminal neuralgia caused by remote effect of dermoid cyst in the ipsilateral cerebellar hemisphere,,2013,CLINICAL NEUROLOGY AND NEUROSURGERY,,Esaki T; Harada Y; Nakao Y; Yamamoto T; Mori K,"Esaki, Takanori; Harada, Yoshinao; Nakao, Yasuaki; Yamamoto, Takuji; Mori, Kentaro",Esaki T,"[Esaki, Takanori; Harada, Yoshinao; Nakao, Yasuaki; Yamamoto, Takuji; Mori, Kentaro] Juntendo Univ, Shizuoka Hosp, Dept Neurosurg, Izunokuni City, Shizuoka, Japan.",,,Dermoid cyst; Trigeminal neuralgia; Remote effect; False localizing sign,J,10.1016/j.clineuro.2012.05.010,115,3,,339,WoS,WOS:000315309200017
,Mydriasis as a falsely localizing sign in epidural hematoma - A case report,"Mydriasis in a trauma patient is a neurologic emergency. Pupil dilation can be the result of uncal herniation causing compression of the third cranial nerve and subsequent brain stem compromise. However, not all patients with nonreactive, enlarged pupils have uncal herniation. We report the case of a 33-year-old epileptic man who developed a fixed, dilated contralateral pupil with a left temporoparietal epidural hematoma. He had a Glasgow Coma Score of 4 (eye opening, 1; motor, 2; and verbal, 1). Although a unilateral fixed dilated pupil commonly occurs ipsilateral to a supratentorial mass, it can also be a ""false localizing sign."" Preoperative computerized tomography scanning is necessary to diagnose the intracranial pathology.",2007,NEUROSURGERY QUARTERLY,,Is M; Yaltirik K,"Is, Merih; Yaltirik, Kaan",Is M,"Duzce Univ, Duzce Med Sch, Dept Neurosurg, TR-81620 Konuralp, Duzce, Turkey.",,,false localizing; head injury; mydriasis,J,10.1097/wnq.0b013e318033a663,17,1,,74,WoS,WOS:000244793500013
,"Spinal Cerebrospinal Fluid Leak Localization with Digital Subtraction M ye l o g ra p h y: Tips, Tricks, and Pitfalls",,2024,RADIOLOGIC CLINICS OF NORTH AMERICA,,Galvan J; Maya M; Prasad RS; Wadhwa VS; Schievink W,"Galvan, Javier; Maya, Marcel; Prasad, Ravi S.; Wadhwa, Vikram S.; Schievink, Wouter",Galvan J,"[Galvan, Javier; Maya, Marcel] Cedars Sinai Med Ctr, Dept Imaging, 8700 Beverly Blvd Taper Mezzanine M-335, Los Angeles, CA 90048 USA. [Galvan, Javier; Maya, Marcel; Prasad, Ravi S.; Wadhwa, Vikram S.; Schievink, Wouter] Cedars Sinai Med Ctr, Dept Imaging, 8700 Beverly Blvd Taper Mezzanine M-335, Los Angeles, CA 90048 USA. [Schievink, Wouter] Cedars Sinai Med Ctr, Dept Neurosurg, Los Angeles, CA 90048 USA. [Maya, Marcel] Cedars Sinai Med Ctr, 8700 Beverly Blvd Taper Mezzanine M-335, Los Angeles, CA 90048 USA.",,,Cerebrospinal fluid leak; Spontaneous intracranial hypotension; Digital; subtraction myelography; MR myelography; CT myelography; Cerebrospinal; fluid-venous fistula,J,10.1016/j.rcl.2023.10.004,62,2,,321,WoS,WOS:001171216600001
,PARINAUDS SYNDROME AS A FALSE LOCALIZING SIGN IN SUPRATENTORIAL AND INFRATENTORIAL SPACE-OCCUPYING LESIONS,"Parinaud''s syndromes may occur in infra- and supratentorial space-occupying lesions, but very careful differential diagnosis must be made in those cases. Peripheral signs were due to brain mass displacements caused by transtentorial brain herniae. The prognosis was relatively good if the space-occupying lesions were entirely or at least sufficiently removed. Cases (5) were described and clinical, neuroradiological and surgical findings were discussed.",1977,OPHTHALMOLOGICA,,PROBST C,"PROBST, C",PROBST C,"KANTONSSPITAL AARAU, NEUROCHIRURG ABT, CH-5000 AARAU, SWITZERLAND.",,,,J,10.1159/000308588,174,2,,111,WoS,WOS:A1977DD11800010
,Kernohan-Woltman notch phenomenon caused by an acute subdural hematoma,"Uncal herniation through the tentorial notch is occasionally associated with false localizing ipsilateral hemiparesis, known as the Kernohan-Woltman notch phenomenon (KWNP). We report an 81-year-old female who presented with a decreased level of consciousness, a right mydriasis and an ipsilateral motor deficit caused by a large right hemispheric subdural hematoma that was immediately evacuated. The patient recovered well, although her right hemiplegia persisted. A follow-up MRI showed a residual lesion in the left cerebral peduncle, corresponding to KWNP. The presence of such a structural lesion suggests a poor prognosis for recovery from the initial motor deficit. (C) 2009 Elsevier Ltd. All rights reserved.",2009,JOURNAL OF CLINICAL NEUROSCIENCE,,Carrasco R; Pascual JM; Navas M; Martínez-Flórez P; Manzanares-Soler R; Sola RG,"Carrasco, Rodrigo; Pascual, Jose M.; Navas, Marta; Martinez-Florez, Pedro; Manzanares-Soler, Rafael; Sola, Rafael G.",Carrasco R,"[Carrasco, Rodrigo; Pascual, Jose M.; Navas, Marta; Martinez-Florez, Pedro; Sola, Rafael G.] Princesa Univ Hosp, Dept Neurosurg, Madrid 28006, Spain. [Manzanares-Soler, Rafael] Princesa Univ Hosp, Dept Neuroradiol, Madrid 28006, Spain.",,,Cerebral peduncle; Kernohan's notch; False localizing signs; Ipsilateral; hemiparesis; Subdural hematoma; Tentorial incisura; Uncal herniation,J,10.1016/j.jocn.2009.02.015,16,12,,1628,WoS,WOS:000271917800020
,Cervical cord compression presenting with sciatica-like leg pain,"Sciatica-like leg pain can be the main presenting symptom in patients with cervical cord compression. It is a false localizing presentation, which may lead to missed or delayed diagnosis, resulting in the wrong plan of management, especially in the presence of concurrent lumbar lesions. Medical history, physical findings and the results of imaging studies were reviewed in two cases of cervical cord compressions, which presented with sciatica-like leg pain. There was multi-level cervical spondylosis with cord compression in the first patient and the second patient had two levels of cervical disc herniation with cord compression. In both cases, there were co-existing lumbar lesions, which could be responsible for the presentation of the leg pain. Cervical blocks were diagnostic in identifying the level responsible for the leg pain and it was confirmed so after cervical decompressive surgery in both cases, which brought significant pain relief. Funicular leg pain is a rare presentation of cervical cord compression. It is a referred pain due to the irritation of the ascending spinothalamic tract. Cervical blocks were successful in identifying the cause of funicular pain in our cases and this may pave the way for further studies to establish the role of cervical blocks as a diagnostic tool for funicular pain caused by cord compression.",2011,EUROPEAN SPINE JOURNAL,,Chan CK; Lee HY; Choi WC; Cho JY; Lee SH,"Chan, Chee Keong; Lee, Ho-Yeon; Choi, Won-Chul; Cho, Ji Young; Lee, Sang-Ho",Chan CK,"[Lee, Ho-Yeon; Choi, Won-Chul; Cho, Ji Young; Lee, Sang-Ho] Wooridul Spine Hosp, Dept Neurosurg, Seoul 135100, South Korea. [Chan, Chee Keong] Sarawak Gen Hosp, Dept Orthopaed, Kuching, Malaysia.",,,Cord compression; Cervical blocks; False localizing signs; Sciatica;; Tract pain; Funicular pain,J,10.1007/s00586-010-1585-5,20,,,S217,WoS,WOS:000294221200018
,Contralateral mesencephalic injury due to tentorial uncal herniation.: Magnetic resonance imaging of the Kernohan's notch.,"We report a case of a traumatic epidural hematoma with ipsilateral hemiparesis, due to the so-called Kernoban's notch. We document the injury with axial and coronal magnetic resonance imaging.",2004,NEUROCIRUGIA,,Giménez-Pando J; Cabezudo-Artero JM; Fernández-Portales I; Rodríguez-Sánchez JA; Gómez-Perals L; Lorenzana L; Ugarriza F,"Giménez-Pando, J; Cabezudo-Artero, JM; Fernández-Portales, I; Rodríguez-Sánchez, JA; Gómez-Perals, L; Lorenzana, L; Ugarriza, F",Giménez-Pando J,"Conplejo Hosp Infanta Cristina, Serv Neurochirurg, Badajoz, Spain.",,,cerebral herniation; epidural hematoma; Kernohan's notch; magnetic; resonance imaging,J,,15,4,,384,WoS,WOS:000223795400010
,Trigeminal neuralgia caused by contralateral cerebellopontine angle meningioma - case report,"A large meningioma located in the cerebellopontine angle was an unusual cause for contralateral trigeminal neuralgia. The mass effect displaced the basilar artery affecting the contralateral trigeminal nerve in vicinity of the brain stem. After radical microsurgical removal of the tumour, the trigeminal neuralgia completely disappeared.",2001,ZENTRALBLATT FUR NEUROCHIRURGIE,,Sepehrnia A; Schulte T,"Sepehrnia, A; Schulte, T",Sepehrnia A,"Med Univ Lubeck, Dept Neurosurg, D-23538 Lubeck, Germany.",,,basilar artery; trigeminus nerve compression; microvasculuar; decompression,J,10.1055/s-2002-19480,62,2,,62,WoS,WOS:000173483800007
,ARACHNOID CYST OF THE CEREBELLOPONTINE ANGLE MANIFESTING AS CONTRALATERAL TRIGEMINAL NEURALGIA - CASE-REPORT,"A case of an arachnoid cyst in the cerebellopontine angle manifesting as contralateral trigeminal neuralgia is presented.  Decompression and excision of the lesion resulted in total relief of symptoms.  The possible causes of contralateral trigeminal neuralgia are briefly reviewed, and the surgical treatment of this entity is discussed.",1991,NEUROSURGERY,,BABU R; MURALI R,"BABU, R; MURALI, R",BABU R,"ST VINCENTS HOSP & MED CTR,DEPT NEUROL SURG,NEW YORK,NY 10011. NYU,SCH MED,DEPT NEUROL SURG,NEW YORK,NY 10003.",,,CEREBELLOPONTINE ANGLE ARACHNOID CYST; TRIGEMINAL NEURALGIA,J,10.1227/00006123-199106000-00018,28,6,,886,WoS,WOS:A1991FM73300018
,MAGNETIC-RESONANCE-IMAGING OF KERNOHANS NOTCH,"Compression of the cerebral peduncle against the tentorial incisura contralateral to a supratentorial mass, the so-called Kernohan''s notch, can be a cause of false localizing motor signs. The authors present a case of Kernohan''s notch secondary to a traumatic extradural hematoma. The patient developed an oculomotor palsy and a dense motor deficit ipsilateral to the extra-axial hematoma. Magnetic resonance imaging in the postoperative period clearly showed the midbrain lesion. The motor deficit  and 3rd nerve palsy subsequently resolved.",1990,NEUROSURGERY,,COHEN AR; WILSON J,"COHEN, AR; WILSON, J",COHEN AR,,,,,J,10.1227/00006123-199008000-00005,27,2,,205,WoS,WOS:A1990DQ13900005
,Idiopathic intracranial hypertension and seventh nerve palsy,"Patients with idiopathic intracranial hypertension may occasionally present with coexisting lower motor neuron facial weakness. This study reviews a fi-year experience at Mayo Clinic. The aim of this study was to determine the possible association of idiopathic intracranial hypertension and facial paresis. Two cases were identified. Both fulfilled the modified Dandy's diagnostic criteria for idiopathic intracranial hypertension. Treatment consisted of steroids in one, and emergent optic nerve sheath fenestration in the other. The cranial nerve palsies resolved in both cases.",1997,HEADACHE,,Capobianco DJ; Brazis PW; Cheshire WP,"Capobianco, DJ; Brazis, PW; Cheshire, WP",Capobianco DJ,,,,idiopathic intracranial hypertension; seventh nerve palsy; headache,J,10.1046/j.1526-4610.1997.3705286.x,37,5,,286,WoS,WOS:A1997XD90400004
,SENSORY STIMULATION DURING SLEEP - OBSERVATIONS ON THE EEG RESPONSES TO AUDITORY STIMULATION DURING SLEEP IN PATIENTS WITH BRAIN PATHOLOGY - (PRELIMINARY REPORT),"This is a preliminary report on the effect of auditory stimulation on the EEG during sleep. Normal individuals show a characteristic slow voltage surge as a result of such stimulation, the effect being bilaterally symmetrical. Patients with known brain damage show a suppression or reduction of this response on the affected side of the brain, sometimes confined to the area of known damage. It is suggested that this technic may be of value in resolving the false localizing signs sometimes present in waking records.",1949,ELECTROENCEPHALOGRAPHY AND CLINICAL NEUROPHYSIOLOGY,,GROSSMAN C,"GROSSMAN, C",GROSSMAN C,,,,,J,10.1016/0013-4694(49)90222-9,1,4,,487,WoS,WOS:A1949UG20700011
,VASOSPASM WITH SUBARACHNOID HEMORRHAGE FROM INTRACRANIAL ANEURYSM,"Cerebral vasospasm occurs as a complication of intracranial aneurysm with or without hemorrhage in a significant percentage of cases. Cerebral vasospasm accompanying intracranial aneurysm may result in false localizing signs, since the vasospasm may occur remote from the location of the lesion. The presence of cerebral vasospasm renders intracranial aneurysm surgery more hazardous and more subject to postoperative complications, particularly cerebral infarction. The methods so far suggested for dealing with cerebral vasospasm in cases of intracranial aneurysm have proved largely ineffectual, and delay in the institution of surgical treatment in such cases appears advisable until more reliable methods of management are perfected.",1965,ARCHIVES OF SURGERY,,HAWKES CD; OGLE WS,"HAWKES, CD; OGLE, WS",HAWKES CD,,,,,J,,90,3,,404,WoS,WOS:A19656442900019
,Papilledema and Peripheral Neuropathies,"Introduction: Papilledema is a common sign in ophthalmology and is typically associated with increased intracranial pressure (ICP) in neurological diseases. Since the beginning of the 20th century, some cases of papilledema have been reported in association with acute or chronic inflammatory neuropathies. Case Report: We describe a 42-year-old man with acute-onset inflammatory polyradiculoneuropathy and bilateral papilledema. Conclusions: Based on a personal case report and from an extensive review of the medical literature, we identify 2 distinct patterns. First, radiculoneuropathy may be a consequence of intracranial pressure (peripheral nerve involvement corresponding to a ""false localizing sign""). Second, papilledema may occur after the onset of inflammatory neuropathy. For such cases, the pathophysiological mechanism remains unknown (eg, reactional inflammatory processes or actions of unknown autoantibodies) and requires further elucidation.",2019,NEUROLOGIST,,Mathis S; Le Masson G; Soulages A; Duval F; Solé G; Boissonnot M; Lathière T; Bonduelle T; Carla L; Nadal L; Baron C; Balaboi I; Ciron J; Vallat JM,"Mathis, Stephane; Le Masson, Gwendal; Soulages, Antoine; Duval, Fanny; Sole, Guilhem; Boissonnot, Michele; Lathiere, Thomas; Bonduelle, Thomas; Carla, Louis; Nadal, Louis; Baron, Clement; Balaboi, Irina; Ciron, Jonathan; Vallat, Jean-Michel",Mathis S,"[Mathis, Stephane; Le Masson, Gwendal; Soulages, Antoine; Duval, Fanny; Sole, Guilhem; Bonduelle, Thomas; Carla, Louis; Nadal, Louis] CHU Bordeaux, Pellegrin Hosp, Nerve Muscle Unit, Dept Neurol, Pl Amelie Raba Leon, F-33000 Bordeaux, France. [Mathis, Stephane; Le Masson, Gwendal; Duval, Fanny; Sole, Guilhem] CHU Bordeaux, Pellegrin Hosp, Referal Ctr Neuromuscular Disorders, Bordeaux, France. [Boissonnot, Michele] CHU Poitiers, La Miletrie Univ Hosp, Dept Ophthalmol, Poitiers, France. [Baron, Clement] CHU Poitiers, La Miletrie Univ Hosp, Dept Neurol, Poitiers, France. [Lathiere, Thomas] CHU Limoges, Dupuytren Univ Hosp, Dept Ophthalmol, Limoges, France. [Vallat, Jean-Michel] CHU Limoges, Dupuytren Univ Hosp, Dept Neurol, Limoges, France. [Vallat, Jean-Michel] CHU Limoges, Dupuytren Univ Hosp, Referal Ctr ForRare Peripheral Neuropathies, Limoges, France. [Balaboi, Irina] Niort Hosp, Dept Neurol, Niort, France. [Ciron, Jonathan] CHU Toulouse, Pierre Paul Riquet Univ Hosp, Dept Neurol, Toulouse, France.",,,papilledema; Guillain-Barre syndrome; CIDP; inflammation;; nodo-paranodopathy,J,10.1097/nrl.0000000000000250,24,6,,185,WoS,WOS:000496267900007
,Hemifacial spasm due to a large distant ipsilateral posterior fossa meningioma,A rare case of hemifacial spasm due to an ipsilateral foramen magnum/clival meningioma is described. Magnetic resonance imaging demonstrated that the tumor was located distant to the cranial nerve VII/VIII complex. Resolution of the ipsilateral hemifacial spasm was noted after complete resection of the tumor. The mechanism of hemifacial spasm was likely due to displacement and distortion of the brain stem from the lesion distant to the cranial nerve VII/VIII complex. In our review of the literature this is the first reported case of an ipsilateral posterior fossa meningoma causing hemifacial spasm from indirect mass effect.,2000,SKULL BASE SURGERY,,Harrison GS; Chovan P; Lee JH,"Harrison, GS; Chovan, P; Lee, JH",Harrison GS,"Cleveland Clin Fdn, Dept Neurol Surg, Cleveland, OH 44195 USA. FD Roosevelt Hosp, Dept Neurol Surg, Banska Bystrica, Slovakia.",,,,J,10.1055/s-2000-6787,10,1,,43,WoS,WOS:000086719100006
,Epidermoid Cyst of the Cerebellopontine Angle Presenting with Contralateral Trigeminal Neuralgia: Extremely Rare Case and Review of Literature,"BACKGROUND: An epidermoid cyst is a rare tumor of the cerebellopontine angle region. It usually presents with ipsilateral compressive symptoms. The contralateral trigeminal neuralgia is an unusual presentation in such cases. We did not find such case reports in the literature. CASE DESCRIPTION: Here, we report a case of a 62-year-old female with a right cerebellopontine angle epidermoid cyst presenting with right hearing impairment and the contralateral trigeminal neuralgia. CONCLUSION: The possible mechanism leading to the contralateral trigeminal neuralgia is discussed here along with the diagnosis and management of the case.",2019,WORLD NEUROSURGERY,,Jain N; Tadghare J; Patel A,"Jain, Nilesh; Tadghare, Jitendra; Patel, Akhilesh",Jain N,"[Jain, Nilesh; Tadghare, Jitendra] Sri Aurobindo Med Coll & PG Inst, Dept Neurosurg, Indore, Madhya Pradesh, India. [Patel, Akhilesh] Sri Aurobindo Med Coll & PG Inst, Dept Gen Surg, Indore, India.",,,Cerebellopontine angle; Contralateral; Epidermoid cyst; Trigeminal; neuralgia,J,10.1016/j.wneu.2018.10.204,122,,,220,WoS,WOS:000457328100243
,FALSE LOCALIZING SIGNS IN A CASE OF PONTINE INFARCTION,"A case study of a patient who suffered a focal pontine infarction and who was tested with the Luria-Nebraska Neuropsychological Battery, Form I (LNNB) during the convalescent period. The LNNB clinical and localization scale patterns were apparently consistent with a lesion of the left parieto-occipital area of the cerebral cortex, but item and syndrome analysis did not support this inference. The anatomical pathways of the ponto-cerebral-thalamic-cerebral cortical feedback loop system are outlined. The presence of a focal pontine lesion in this neural network is shown to be consistent with the disruption of higher cortical functions identifed from item analysis of the LNNB in the current case. The importance of considering specific noncortical neural pathways when one interprets LNNB results is stressed.",1986,INTERNATIONAL JOURNAL OF CLINICAL NEUROPSYCHOLOGY,,MOSES JA; PICKETT D,"MOSES, JA; PICKETT, D",MOSES JA,,,,,J,,8,3,,123,WoS,WOS:A1986D793000007
,Trigeminal neuralgia caused by contralateral supratentorial meningioma,Most trigeminal neuralgia is attributable to vascular compression of the root entry zone of the trigeminal nerve at the pons. Only about 5-10% of trigeminal neuralgia cases are caused by direct compression by ispilateral cerebellopontine angle tumors. Trigeminal neuralgia caused by contralateral posterior fossa tumors are extremely rare. Cases in which neuralgia is caused by a contralateral supratentorial tumor have been seldom reported. This report describes a case of large meningioma in the left occipital region. The patient's right facial pain subsided gradually after tumor excision. This neuralgia is likely due to a displaced adjacent vessel that developed following brainstem distortion by the tumor. (c) 2007 Elsevier Ltd. All rights reserved.,2008,JOURNAL OF CLINICAL NEUROSCIENCE,,Cheng WC; Chang CN,"Cheng, Wan-Chun; Chang, Chen-Nen",Cheng WC,"[Cheng, Wan-Chun] Tzu Ai Gen Hosp, Div Neurosurg, Dept Surg, Shilo Town, Yun Lin, Taiwan. [Chang, Chen-Nen] Chang Gung Univ, Dept Surg, Div Neurosurg, Taipei, Taiwan. [Chang, Chen-Nen] Chang Gung Mem Hosp, Taipei 10591, Taiwan.",,,meningioma; root entry zone; trigeminal neuralgia,J,10.1016/j.jocn.2007.05.031,15,10,,1162,WoS,WOS:000259324800023
,Brain Sagging Dementia,"Purpose of ReviewBrain sagging dementia (BSD) is a rare but devastating form of early-onset dementia characterized by intracranial hypotension and behavioral changes resembling behavioral variant frontotemporal dementia. This review aims to provide a comprehensive overview of BSD, highlighting its pathomechanism, diagnostic tools, and available treatment options.Recent FindingsBSD exhibits a complex clinical manifestation with insidious onset and gradual progression of behavioral disinhibition, apathy, inertia, and speech alterations. Additionally, patients may exhibit brainstem and cerebellar signs such as hypersomnolence and gait disturbance. Although headaches are common, they may not always demonstrate typical orthostatic features. Recent radiological advances have improved the detection of CSF leaks, enabling targeted treatment and favorable outcomes.SummaryUnderstanding the pathomechanism and available diagnostic tools for BSD is crucial for a systematic approach to timely diagnosis and treatment of this reversible form of early-onset dementia, as patients often endure a complex and lengthy clinical course.",2023,CURRENT NEUROLOGY AND NEUROSCIENCE REPORTS,,Lashkarivand A; Eide PK,"Lashkarivand, Aslan; Eide, Per Kristian",Lashkarivand A,"[Lashkarivand, Aslan; Eide, Per Kristian] Oslo Univ Hosp, Dept Neurosurg, Rigshosp, PB 4950, N-0424 Oslo, Norway. [Lashkarivand, Aslan; Eide, Per Kristian] Univ Oslo, Inst Clin Med, Fac Med, Oslo, Norway.",,,Brain sagging dementia (BSD); Early-onset dementia; Intracranial; hypotension; Behavioral variant frontotemporal dementia,J,10.1007/s11910-023-01297-9,23,10,,593,WoS,WOS:001060251200001
,Eccentric compression of the spinal canal causing dominantly contralateral-side symptoms,"In this retrospective study, five patients are described in whom the dural sac at the thoracic and lumbar spine was compressed by a herniated disk or stenosis, located eccentrically in the spinal canal. In all of them, the symptoms or neurologic findings were dominantly in the limb contralateral to the side of compression. All five patients were operated on and the compressing disk or lamina was removed, resulting in immediate improvement of symptoms. In only one of the patients was the compression at the common level of L4-L5. In the remaining four patients, compression was at the low thoracic or upper lumbar spine. With the exception of one patient, the area of canal compression was greater than 50%.",2000,JOURNAL OF SPINAL DISORDERS,,Mirovsky Y; Halperin N,"Mirovsky, Y; Halperin, N",Mirovsky Y,"Tel Aviv Univ, Sackler Fac Med, Assaf Harofeh Med Ctr, Spine Unit, IL-70300 Zerifin, Israel.",,,disk hernia; spinal stenosis; sciatic pain; neurologic deficit,J,10.1097/00002517-200004000-00014,13,2,,174,WoS,WOS:000086394500014
,Diagnosis and treatment evaluation in patients with spontaneous intracranial hypotension,"Spontaneous intracranial hypotension is characterized by an orthostatic headache and audiovestibular symptoms alongside a myriad of other non-specific symptoms. It is caused by an unregulated loss of cerebrospinal fluid at the spinal level. Indirect features of CSF leaks are seen on brain imaging as signs of intracranial hypotension and/or CSF hypovolaemia as well as a low opening pressure on lumbar puncture. Direct evidence of CSF leaks can frequently, but not invariably, be observed on spinal imaging. The condition is frequently misdiagnosed due to its vague symptoms and a lack of awareness of the condition amongst the non-neurological specialities. There is also a distinct lack of consensus on which of the many investigative and treatment options available to use when managing suspected CSF leaks. The aim of this article is to review the current literature on spontaneous intracranial hypotension and its clinical presentation, preferred investigation modalities, and most efficacious treatment options. By doing so, we hope to provide a framework on how to approach a patient with suspected spontaneous intracranial hypotension and help minimize diagnostic and treatment delays in order to improve clinical outcomes.",2023,FRONTIERS IN NEUROLOGY,,Mehta D; Cheema S; Davagnanam I; Matharu M,"Mehta, Dwij; Cheema, Sanjay; Davagnanam, Indran; Matharu, Manjit",Mehta D,"[Mehta, Dwij; Cheema, Sanjay; Matharu, Manjit] Univ Coll London UCL, Natl Hosp Neurol & Neurosurg, Headache & Facial Pain Grp, Queen Sq Inst Neurol, London, England. [Davagnanam, Indran] UCL Queen Sq Inst Neurol, Lysholm Dept Neuroradiol, London, England. [Davagnanam, Indran] Natl Hosp Neurol & Neurosurg, London, England.",,,spontaneous intracranial hypotension; CSF hypovolaemia; CSF hypovolemia;; CSF leak; orthostatic headache; CSF venous fistula,J,10.3389/fneur.2023.1145949,14,,,,WoS,WOS:000955382000001
,Kernohan-Woltman Phenomenon: An exceptional neurological picture?,"Introduction: Ipsilateral hemiparesis (IH) can be defined as a paradoxical dysfunction of the first motor neuron involving the extremities on the opposite side to that expected, given the location of the triggering intracranial pathology. Compression of the corticospinal tract (CSt) along its course through the contralateral cerebral peduncle against the free edge of the tentorium, known as the Kernohan-Woltman notch phenomenon (KWNP), represents the main cause of IH. Methods: This retrospective study analyzes a series of 12 patients diagnosed with IH secondary to KWNP treated at our institution, including a descriptive study of epidemiological, clinical, radiological, neurophysiological, and prognostic variables. Results: In 75% of the cases, symptoms had an acute or subacute onset. Initial imaging studies showed signs of significant mass effect in half of the patients, whereas magnetic resonance imaging (MRI) identified a structural lesion in the contralateral cerebral peduncle in two thirds of them. Impairment of the motor evoked potentials (MEP) was verified in 4 patients. During follow-up 7 patients experienced improvement in motor activity, and near half of the cases were classified in the first three categories of the modified Rankin scale. Conclusions: In contrast to prior historical series, most of our patients developed a KWNP secondary to a traumatic mechanism. MRI represents the optimal method to identify both the classic cerebral peduncle notch and the underlying structural lesion of the CSt. The use of MEP can help to establish the diagnosis, especially in those cases lacking definite radiological findings. (c) 2022 Sociedad Espanola de Neurolog & imath;a. Published by Elsevier Espana, S.L.U.",2024,NEUROLOGIA,,Moro RC; Garvi JMP; Fernández CV; Rodríguez EEE; Palomeque GM; Martínez LC; Gutiérrez ML; Cancela AA; Ruiz EB; San Millán JSM,"Moro, R. Carrasco; Garvi, J. M. Pascual; Fernandez, C. Vior; Rodriguez, E. E. Espinosa; Palomeque, G. Martin; Martinez, L. Cabanes; Gutierrez, M. Lopez; Cancela, A. Acitores; Ruiz, E. Barrero; San Millan, J. S. Martinez",Moro RC,"[Moro, R. Carrasco; Fernandez, C. Vior; Cancela, A. Acitores; Ruiz, E. Barrero] Hosp Univ Ramon & Cajal, Serv Neurocirugia, Madrid, Spain. [Garvi, J. M. Pascual] Hosp Univ La Princesa, Serv Neurocirugia, Madrid, Spain. [Rodriguez, E. E. Espinosa] Inst Med & Cirugia Barcelona, Serv Neurocirugia, Barcelona, Spain. [Palomeque, G. Martin; Martinez, L. Cabanes] Hosp Univ Ramon & Cajal, Serv Neurofisiol Clin, Madrid, Spain. [Gutierrez, M. Lopez] Hosp Cent Def Gomez Ulla, Serv Neurocirugia, Madrid, Spain. [San Millan, J. S. Martinez] Hosp Univ Ramon & Cajal, Serv Diagnost Imagen, Madrid, Spain.",,,False localising signs; Kernohan-Woltman notch phenomenon; Ipsilateral; hemiparesis; Paradoxical hemiparesis; Kernohans<acute accent> notch; Brain herniation,J,10.1016/j.nrl.2022.09.009,39,8,,683,WoS,WOS:001331058500001
,Electroclinical analysis of postictal noserubbing,"Background: Postictal noserubbing (PIN) has been identified as a good, albeit imperfect, lateralizing and localizing sign in human partial epilepsy, possibly related to ictal autonomic activation. Methods: PIN was studied prospectively in a group of consecutive patients admitted for video-EEC monitoring, with the laterality of noserubbing correlated with electrographic sites of seizure onset, intra- and interhemispheric spread, and sites of seizure termination. Results: PIN was significantly more frequent in temporal than extratemporal epilepsy (p<0.001; 23/41 (56%) patients and 41/197 (21%) seizures in temporal lobe epilepsy compared with 4/34 (12%) patients and 12/167 (7%) seizures in extratemporal epilepsy). The hand used to rub the nose was ipsilateral to the side of seizure onset in 83% of both temporal and extratemporal seizures. Seizures with contralateral PIN correlated with spread to the contralateral temporal lobe on scalp EEG (p<0.04). All extratemporal seizures with PIN showed spread to temporal lobe structures. One patient investigated with intracranial electrodes showed PIN only when ictal activity spread to involve the amygdala: seizures confined to the hippocampus were not associated with PIN. PIN was not observed in 63 nonepileptic events in 17 patients. Unexpectedly, one patient with primary generalized epilepsy showed typical PIN after 1/3 recorded absence seizures. Conclusions: This study confirms PIN as a good indicator of ipsilateral temporal lobe seizure onset. Instances of false lateralization and localization appear to reflect seizure spread to contralateral or ipsilateral temporal lobe structures, respectively. Involvement of the amygdala appears to be of prime importance for induction of PIN.",2000,CANADIAN JOURNAL OF NEUROLOGICAL SCIENCES,,Wennberg R,"Wennberg, R",Wennberg R,"Univ Toronto, Toronto Western Hosp, Univ Hlth Network, Div Neurol, Toronto, ON M5T 2S8, Canada.",,,,J,,27,2,,131,WoS,WOS:000086986100008
,Treatment of spontaneous intracranial hypotension: experiences in a UK regional neurosciences Centre,"A robust treatment paradigm for spontaneous intracranial hypotension has yet to be agreed upon. We present retrospective data from the patient cohort at our UK regional neurosciences centre from 2010-2020 and describe our locally developed treatment pathway. Seventy-three patients were identified: 31 men and 42 women; mean age was 42 years. The majority presented with a headache of variable duration, and most had positive imaging. Very few patients (7%) responded to conservative treatment. Sixty-six underwent epidural blood patching, with 39 (59%) having a good response. Twenty-three patients underwent myelography and targeted treatment (injection of fibrin sealant at the leak site), with 13 (57%) showing a good response. One patient had successful surgery. The relapse rate after response to epidural blood patching was 10%, and after response to targeted treatment was 23%. Most patients who relapsed responded to repeated treatments. The outcome data for our diverse patient cohort shows the success of a staged approach to treatment. Relapse rates are low, and surgery is only rarely required. We use these data to inform our discussions with patients, and present them here to enable other centres to develop robust investigation and treatment paradigms of their own.",2021,CLINICAL MEDICINE,,Perthen JE; Dorman PJ; Morland D; Redfern N; Butteriss DJA,"Perthen, Joanna E.; Dorman, Paul J.; Morland, Danny; Redfern, Nancy; Butteriss, David J. A.",Perthen JE,"[Perthen, Joanna E.; Dorman, Paul J.; Morland, Danny; Redfern, Nancy; Butteriss, David J. A.] Newcastle Upon Tyne Hosp NHS Fdn Trust, Newcastle Upon Tyne, Tyne & Wear, England.",,,spontaneous intracranial hypotension; CSF leak; epidural blood patch;; myelography; postural headache,J,10.7861/clinmed.2020-0791,21,3,,E247,WoS,WOS:000652738100019
,Syndrome of the third frontal convolution: Léon Ectors<acute accent> legacy on paradoxical ipsilateral hemiparesis,"Since the crossed control of sensitive-motor body functions by the contralateral cerebral hemispheres was recognized in the early 18th century, clinicians have been baffled by patients developing a motor deficit involving the extremities on the same side as an intracranial lesion. In the first third of the 20th century, three main hypotheses were proposed to explain this so-called ipsilateral or paradoxical hemiparesis: (1) the absence of decussation of the corticospinal tracts; (2) diaschisis, or blocking of the normal input to a brain region anatomically distant from the injured site; and (3) compression of the contralateral cerebral peduncle against the tentorial border, also known as the Kernohan-Woltman notch phenomenon. Here, we deal with the less widely known contributions of the Belgian neurosurgeon Leon Ectors, who included this paradoxical deficit within a neurological syndrome he considered highly specific for an early diagnosis of those meningiomas growing over the third frontal convolution. The present manuscript includes a systematic review of the cases of ipsilateral hemiparesis secondary to intracranial masses reported in ancient and modern scientific medical literature. We also address in-depth the physiopathological theories accounting for this syndrome and contrast them with Leon Ectors' observations.",2024,ACTA NEUROLOGICA BELGICA,,Carrasco-Moro R; Millán JSMS; Pérez-Pérez M; Pascual JM,"Carrasco-Moro, Rodrigo; Martinez-San Millan, Juan Salvador; Perez-Perez, Maria; Pascual, Jose Maria",Carrasco-Moro R,"[Carrasco-Moro, Rodrigo; Perez-Perez, Maria] Ramon y Cajal Univ Hosp, Dept Neurosurg, Colmenar Rd Km 9-100, Madrid 28034, Spain. [Martinez-San Millan, Juan Salvador] Ramon y Cajal Univ Hosp, Dept Neuroradiol, Madrid, Spain. [Pascual, Jose Maria] Princesa Univ Hosp, Dept Neurosurg, Madrid, Spain.",,,Brain herniation; Ectors syndrome; False localizing signs; Ipsilateral; hemiparesis; Kernohan-Woltman notch phenomenon; Meningioma,J,10.1007/s13760-023-02394-9,124,1,,37,WoS,WOS:001083465900001
,COMPREHENSIVE STUDY OF DIAGNOSIS AND TREATMENT OF TRIGEMINAL NEURALGIA SECONDARY TO TUMORS,"Among 5,058 patients seen at the Mayo Clinic from 1976 through 1990 for face pain, we diagnosed trigeminal neuralgia in 2,972. Tumors were causing the face pain in 296 patients. Sex and pain distributions paralleled those in idiopathic trigeminal neuralgia; however, patients with tumors causing trigeminal neuralgia were younger than those with idiopathic pain. Meningiomas and posterior fossa tumors were the most common. Neurologic deficits developed on follow-up evaluation in 47% of the patients, often precipitating further study and eventual diagnosis of the tumor. Delay in tumor diagnosis averaged 6.3 years. CT with contrast was the most frequently used initial diagnostic radiographic technique, detecting a tumor in 40 of 43 examinations. MRI was subsequently used to confirm and better delineate the tumor in five of five cases. Carbamazepine was the most effective drug for relieving trigeminal neuralgia, but relief was usually temporary. Of the surgical treatment options, total removal of the tumor was the most effective in completely relieving tic pain. In patients at high surgical risk, however, temporarily or permanently blocking afferent impulses with radiofrequency ablation, glycerol rhizotomy, or alcohol blocks was a good alternative to craniotomy.",1993,NEUROLOGY,,CHENG TMW; CASCINO TL; ONOFRIO BM,"CHENG, TMW; CASCINO, TL; ONOFRIO, BM",CHENG TMW,"MAYO CLIN & MAYO FDN, DEPT NEUROL, 200 1ST ST SW, ROCHESTER, MN 55905 USA. MAYO CLIN & MAYO FDN, DEPT NEUROSURG, ROCHESTER, MN 55905 USA.",,,,J,10.1212/wnl.43.11.2298,43,11,,2298,WoS,WOS:A1993MH65200027
,A case of Kernohan-Woltman notch phenomenon caused by an epidural hematoma: the diagnostic and prognostic value of PET/CT imaging,"Background Kernohan-Woltman notch phenomenon (KWNP) classically occurs when a lesion causes compression of the contralateral cerebral peduncle against the tentorium, resulting in ipsilateral hemiparesis. It has been studied clinically, radiologically and electrophysiologically which all confirmed to cause false localizing motor signs. Here, we demonstrate the potential use of fluorine-18 fluorodeoxyglucose (18 F-FDG) positron emission tomography/computed tomography (PET/CT) to identify KWNP caused by an epidural hematoma. Case presentation A 29-year-old male patient post right-sided traumatic brain injury presenting with persistent ipsilateral hemiparesis. Patient underwent decompressive craniotomy and intracranial hematoma evacuation. Brain magnetic resonance imaging in the postoperative period showed a subtle lesion in the left cerebral peduncle. PET/CT was performed to exclude early brain tumor and explain his ipsilateral hemiparesis. PET/CT imaging demonstrated a focal region of intense 18 F-FDG uptake in the left cerebral peduncle. Throughout the treatment in outpatient neurorehabilitation unit, the patient exhibited a gradual recovery of his right hemiparesis. Conclusion In our case report, for the first time, PET/CT offered microstructural and functional confirmation of KWNP. Moreover, our case suggests that 18 F-FDG PET/CT may serve as an important reference for the probability of functional recovery.",2022,BMC NEUROLOGY,,Lin YL; Chou ACL; Lin XM; Wu ZD; Ju QC; Li YX; Ye ZL; Zhang B,"Lin, Yuliang; Chou, Alan Chen-Lung; Lin, Xiangming; Wu, Zhende; Ju, Qichao; Li, Yuexuan; Ye, Zulong; Zhang, Bo",Lin YL,"[Lin, Yuliang; Chou, Alan Chen-Lung; Wu, Zhende; Ju, Qichao; Li, Yuexuan; Ye, Zulong; Zhang, Bo] Xiamen Chang Gung Hosp, Dept Neurosurg, 123 Xiafei Rd, Xiamen, Peoples R China. [Lin, Xiangming] Xiamen Chang Gung Hosp, Dept Rehabil Med, 123 Xiafei Rd, Xiamen, Peoples R China.",,,Kernohan-Woltman notch phenomenon; Traumatic brain injury; Cerebral; peduncle; Ipsilateral hemiparesis; Functional recovery; Positron; emission tomography,J,10.1186/s12883-022-02965-y,22,1,,,WoS,WOS:000881675600001
,USEFULNESS OF TC-99M HYDROXYMETHYLENE DIPHOSPHONATE SCANS IN LOCALIZING BONE METASTASES OF DIFFERENTIATED THYROID-CARCINOMA,"Iodine-131 is uniquely able to demonstrate iodine uptake of differentiated thyroid carcinoma (DTC), but precise localization may be difficult, especially in the thorax, due to the quality of image resolution with I-131 and the lack of anatomical landmarks. When bone metastases do not show radioiodine uptake, bone scintigraphy can be used to detect them. We studied two groups of patients. In group 1, 15 patients with known bone metastases of DTC were treated with 3.7 GBq I-131. After 4 or 5 days, technetium-99m hydroxymethylene diphosphonate (HMDP; 740 MBq) was injected and a whole-body scan with simultaneous acquisition of I-131 and Tc-99m-HMDP images was carried out using a large field of view gamma camera fitted with a high-energy collimator. Technetium uptake was abnormal in 47 of 63 localizations, being increased in 29 foci, decreased in 7 and heterogeneous in 11. The superimposition of I-131 and Tc-99m-HmDP scans permitted an accurate localization in 80% of spine metastases and in 46% of osseous thoracic localizations, even in the presence of lung metastases. In group 2, 9 patients, who had bone pain, neurological signs or elevated serum thyroglobulin, had DTC bone metastases without iodine uptake. They received a diagnostic dose of Tc-99m-HMDP 3h prior to scintigraphy with a large field of view gamma camera fitted with a low-energy collimator. Technetium uptake was abnormal in 37 of 38 localizations, being increased in 34 foci and decreased in 3. One false-negative was found in a skull metastasis. In both groups of patients, Tc-99m-HMDP scans were useful. The procedure allows accurate localization of bone metastases and can be used as a guide for subsequent radiological investigations.",1993,EUROPEAN JOURNAL OF NUCLEAR MEDICINE,,TENENBAUM F; SCHLUMBERGER M; BONNIN F; LUMBROSO J; AUBERT B; BENALI H; PARMENTIER C,"TENENBAUM, F; SCHLUMBERGER, M; BONNIN, F; LUMBROSO, J; AUBERT, B; BENALI, H; PARMENTIER, C",TENENBAUM F,"INST GUSTAVE ROUSSY,SERV PHYS,F-94805 VILLEJUIF,FRANCE. INST GUSTAVE ROUSSY,INSERM,U66,F-94805 VILLEJUIF,FRANCE.",,,BONE METASTASES; DIFFERENTIATED THYROID CARCINOMA; TC-99M; HYDROXYMETHYLENE DIPHOSPHONATE; I-131,J,,20,12,,1168,WoS,WOS:A1993MK06500006
,A classification system of spontaneous spinal CSF leaks,"Objective: Spontaneous spinal CSF leaks cause spontaneous intracranial hypotension but no systematic study of the different types of these CSF leaks has been reported. Based on our experience with spontaneous intracranial hypotension, we propose a classification system of spontaneous spinal CSF leaks. Methods: We reviewed the medical records, radiographic studies, operative notes, and any intraoperative photographs of a group of consecutive patients with spontaneous intracranial hypotension. Results: The mean age of the 568 patients (373 [65.7%] women) was 45.7 years. Three types of CSF leak could be identified. Type 1 CSF leaks consisted of a dural tear (151 patients [26.6%]) and these were almost exclusively associated with an extradural CSF collection. Type 1a represented ventral CSF leaks (96%) and type 1b posterolateral CSF leaks (4%). Type 2 CSF leaks consisted of meningeal diverticula (240 patients [42.3%]) and were the source of an extradural CSF collection in 53 of these patients (22.1%). Type 2a represented simple diverticula (90.8%) and type 2b complex meningeal diverticula/dural ectasia (9.2%). Type 3 CSF leaks consisted of direct CSF-venous fistulas (14 patients [2.5%]) and these were not associated with extradural CSF collections. A total of 163 patients (28.7%) had an indeterminate type and extradural CSF collections were noted in 84 (51.5%) of these patients. Conclusions: We identified 3 types of spontaneous spinal CSF leak in this observational study: the dural tear, the meningeal diverticulum, and the CSF-venous fistula. These 3 types and the presence or absence of extradural CSF form the basis of a comprehensive classification system.",2016,NEUROLOGY,,Schievink WI; Maya MM; Jean-Pierre S; Nuño M; Prasad RS; Moser FG,"Schievink, Wouter I.; Maya, M. Marcel; Jean-Pierre, Stacey; Nuno, Miriam; Prasad, Ravi S.; Moser, Franklin G.",Schievink WI,"[Schievink, Wouter I.; Jean-Pierre, Stacey; Nuno, Miriam] Cedars Sinai Med Ctr, Dept Neurosurg, Los Angeles, CA 90048 USA. [Maya, M. Marcel; Prasad, Ravi S.; Moser, Franklin G.] Cedars Sinai Med Ctr, Dept Radiol, Los Angeles, CA 90048 USA.",,,,J,10.1212/wnl.0000000000002986,87,7,,673,WoS,WOS:000382327300011
,Postoperative Changes in Moderate to Severe Nonspecific Low Back Pain After Cervical Myelopathy Surgery,"OBJECTIVE: Cervical myelopathy patients sometimes experience concurrent nonspecific moderate to severe low back pain (msLBP). However, postoperative changes in msLBP after cervical myelopathy surgery have rarely been reported. Awareness of postoperative changes in msLBP may be helpful in consultation. Therefore, the objective of this study was to examine postoperative changes in msLBP. METHODS: Patients with cervical myelopathy and msLBP (a visual analog pain score >= 5/10) were reviewed prospectively, and 53 patients (male:female ratio, 28:25; mean age, 63.1 years) were enrolled. Cervical myelopathy was assessed with the Japanese Orthopedic Association score. Cervical laminoplasty was performed in 49 patients, and anterior cervical discectomy and fusion were performed in 4 patients. The patients were followed up postoperatively at 1, 3, 6, and 12 months and yearly thereafter. The primary endpoint was improvement of the visual analog scale score for back pain (VAS-B) by greater than 2.6/10. Prognostic factors were analyzed postoperatively at 12 months. The mean follow-up period was 16 +/- 9 months. RESULTS: MsLBP improved in 58%, 49%, 53%, 52%, and 59% of the patients at 1, 3, 6, 12, and 24 months postoperatively, respectively. The VAS-B worsened after improvement or vice versa in approximately 30% of the patients during the follow-up period. Lumbar decompression operations were performed in 5 patients at 4, 6, 7, 15, and 16 months postoperatively. The recovery rate of the JOA score was a positive prognostic factor. CONCLUSIONS: Although the exact pathophysiology was not demonstrated, cervical myelopathy surgery may directly and indirectly improve msLBP.",2018,WORLD NEUROSURGERY,,Kim CH; Chung CK; Lee U; Choi Y; Park SB; Jung JM; Hwang SH; Yang SH,"Kim, Chi Heon; Chung, Chun Kee; Lee, Urim; Choi, Yunhee; Park, Sung Bae; Jung, Jong-myung; Hwang, Sung Hwan; Yang, Seung Heon",Kim CH,"[Kim, Chi Heon; Chung, Chun Kee; Yang, Seung Heon] Seoul Natl Univ, Coll Med, Dept Neurosurg, Seoul, South Korea. [Kim, Chi Heon; Chung, Chun Kee; Park, Sung Bae; Jung, Jong-myung; Hwang, Sung Hwan; Yang, Seung Heon] Seoul Natl Univ Hosp, Dept Neurosurg, Seoul, South Korea. [Kim, Chi Heon; Chung, Chun Kee; Park, Sung Bae; Jung, Jong-myung; Hwang, Sung Hwan; Yang, Seung Heon] Seoul Natl Univ Hosp, Clin Res Inst, Seoul, South Korea. [Chung, Chun Kee; Lee, Urim] Seoul Natl Univ Hosp, Dept Neurosurg, Human Brain Funct Lab, Seoul, South Korea. [Choi, Yunhee] Seoul Natl Univ Hosp, Med Res Collaborating Ctr, Seoul, South Korea. [Chung, Chun Kee] Seoul Natl Univ, Coll Nat Sci, Dept Brain & Cognit Sci, Seoul, South Korea. [Park, Sung Bae] Seoul Natl Univ, Boramae Hosp, Borame Med Ctr, Dept Neurosurg, Seoul, South Korea.",,,Cervical vertebrae; Low back pain; Lumbar stenosis; Myelopathy;; Ossification of posterior longitudinal ligament; Spine; Surgery,J,10.1016/j.wneu.2018.04.224,116,,,E429,WoS,WOS:000439498500055
,Epidural Blood Patch as a Diagnostic and Therapeutic Intervention in Spontaneous Intracranial Hypotension: A Novel Approach to Management,"OBJECTIVE: Spontaneous intracranial hypotension (SIH) remains a diagnostic and therapeutic challenge. Nonspecific clinical features and a reluctance to treat without confirmatory imaging evidence undermine management. Investigations are often insensitive and expensive, with many patients continuing to an epidural blood patch (EBP) despite negative results. Current diagnostic standards are based on a literature base skewed toward difficult-to-treat cases at specialty centers. This study aims to develop a robust diagnostic and treatment algorithm in real-life clinical practice by 1) investigating the prognostic utility of symptoms of SIH and results of associated investigation from which a scoring system is derived and 2) analyzing the role of EBP as a diagnostic and treatment tool. METHODS: This is a retrospective study of 86 patients fulfilling clinical criteria for SIH and undergoing EBP, with follow-up ranging from 1 month to 15 years, using patient medical records and an online questionnaire. RESULTS: Although specific and prognostically significant, magnetic resonance imaging of the brain, magnetic resonance imaging of the spine, and symptom-based scoring systems were too insensitive to be of practical use. Most patients with positive and sustained responses to EBP did not meet current criteria for diagnosis. The 72-hour response to the first EBP was found to be highly specific and sensitive in the diagnosis of SIH in our cohort. CONCLUSIONS: This study supports the utility of EBP as a safe, accessible, and accurate diagnostic and therapeutic tool. We propose a simple treatment algorithm that facilitates diagnosis, treatment, and prediction of long-term outcomes in this challenging condition.",2020,WORLD NEUROSURGERY,,Davies MJ; Davies MA; Sharpe R; Cordato D; Schwartz R,"Davies, Matthew J.; Davies, Mark A.; Sharpe, Ranald; Cordato, Dennis; Schwartz, Raymond",Davies MJ,"[Davies, Matthew J.] St George Hosp, Kogarah, NSW, Australia. [Davies, Mark A.] St George Hosp, Dept Neurosurg, Kogarah, NSW, Australia. [Sharpe, Ranald] St George Private Hosp, Alliance Anaesthet, Kogarah, NSW, Australia. [Cordato, Dennis; Schwartz, Raymond] Southern Neurol, Kogarah, NSW, Australia.",,,CSF leak; Epidural blood batch; Headache; Intracranial hypotension;; Spontaneous intracranial hypotension,J,10.1016/j.wneu.2020.01.163,137,,,E242,WoS,WOS:000532728700010
,"Etiology, clinical characteristics, and treatment outcome in patients with isolated sixth cranial nerve palsy","Background & Objective: Isolated sixth cranial nerve palsy was the most common isolated cranial nerve palsy causing extraocular muscle dysfunction. As magnetic resonance imaging (MRI) quality had improved and knowledge had grown in recent years, the etiology previously classified as idiopathic might be re-classified to be another in the current era, and some require specific treatments. We therefore studied the etiology, clinical characteristics, and treatment outcome in patients with isolated sixth cranial palsy in recent years. Methods: The medical records of 88 patients with isolated sixth cranial nerve palsy visited at the Neurological Institute of Thailand from January 2013 to December 2020 were reviewed. Clinical and demographical data included age, gender, laterality, headache location, vascular risk factors, etiology, treatment, and prognosis were collected and analyzed. Results: The most common etiology was microvascular ischemia (29.5%), followed by inflammation (25.0%), and vascular disorders (20.5%). Neoplasm, abducens palsy mimics and false localizing sign, and idiopathic were less common (13.6%, 6.8% and 4.5%, respectively). Compared to patient with sixth cranial nerve palsy from microvascular ischemia, those with inflammatory cause were younger (p<0.001), were more likely to have headache (p=0.004), and had better prognosis at 3 months (p=0.018). Conclusion: Microvascular ischemia was the most common etiology of isolated sixth cranial nerve palsy. Age at onset and presence of headache were the important clues for distinguishing sixth cranial nerve palsy due to microvascular ischemia from inflammation. Prognosis was more favorable in inflammation than microvascular ischemia group. We suggest MRI scan to exclude other causes before making a diagnosis of microvascular ischemia or idiopathic.",2024,NEUROLOGY ASIA,,Rujirussawarawong S; Lertbutsayanukul P; Suanprasert N; Rojana-udomsart A,"Rujirussawarawong, Surachet; Lertbutsayanukul, Punjama; Suanprasert, Narupat; Rojana-udomsart, Arada",Rujirussawarawong S,"[Rujirussawarawong, Surachet; Suanprasert, Narupat; Rojana-udomsart, Arada] Neurol Inst Thailand, Dept Neurol, Bangkok, Thailand. [Lertbutsayanukul, Punjama] Neurol Inst Thailand, Dept Radiol, Bangkok, Thailand.",,,Abducens nerve palsy; sixth cranial nerve palsy; lateral rectus palsy,J,10.54029/2024xtd,29,4,,1105,WoS,WOS:001399979700024
