{
  "#A6D96A": 1.0,
  "#D0EAAD": 0.548494983277592,
  "#BBE18B": 0.782608695652174,
  "#CBE8A5": 0.6053511705685619,
  "#E3F2CD": 0.3377926421404682,
  "#D3EBB1": 0.5217391304347826,
  "#D6EDB7": 0.4816053511705686,
  "#DDF0C2": 0.4080267558528427,
  "#FFFFFF": 0.0,
  "#F1F9E5": 0.1705685618729097,
  "#D8EEB9": 0.4615384615384615,
  "#DFF1C7": 0.3779264214046822,
  "#E3F3CD": 0.334448160535117,
  "#C0E493": 0.725752508361204,
  "#E1F2C9": 0.3612040133779264,
  "#D9EEBB": 0.4548494983277592,
  "#D1EBAF": 0.5384615384615384,
  "#E1F2CA": 0.354515050167224,
  "#FFFFFE": 0.0033444816053510994,
  "#F7FBF0": 0.0969899665551839,
  "#C1E495": 0.7123745819397993,
  "#E2F2CB": 0.3478260869565217,
  "#BFE391": 0.7391304347826085,
  "#E5F3D0": 0.31438127090301,
  "#EEF7E0": 0.20401337792642132,
  "#C9E7A1": 0.6321070234113713,
  "#E8F5D6": 0.274247491638796,
  "#F2F9E7": 0.157190635451505,
  "#CAE8A4": 0.6153846153846154,
  "#B1DD7B": 0.8862876254180602,
  "#EAF6D9": 0.2508361204013378,
  "#EEF8E1": 0.2006688963210702,
  "#D7EDB9": 0.4682274247491639,
  "#ECF7DD": 0.2240802675585284,
  "#FCFEFA": 0.04535953177257515,
  "#F0F8E4": 0.22341137123745813,
  "#C4E59A": 0.6530100334448161,
  "#CFEAAB": 0.5652173913043479,
  "#C4E599": 0.68561872909699,
  "#B7E084": 0.8260869565217391,
  "#EFF8E1": 0.197324414715719,
  "#CEEAAA": 0.5719063545150502,
  "#BCE28C": 0.7725752508361204,
  "#EFF8E2": 0.1906354515050167,
  "#ECF6DC": 0.2307692307692307,
  "#DBEFC0": 0.42474916387959877,
  "#C6E69D": 0.6588628762541805,
  "#F2F9E8": 0.1538461538461538,
  "#BDE28E": 0.7591973244147157,
  "#F4FAEA": 0.137123745819398,
  "#E8F5D7": 0.2709030100334448,
  "#B0DD7A": 0.8929765886287625,
  "#F4FAEB": 0.1304347826086956,
  "#D8EEBA": 0.4615384615384615,
  "#F5FAEC": 0.1237458193979933,
  "#C8E7A0": 0.6387959866220736,
  "#C6E69C": 0.6655518394648829,
  "#F7FBF1": 0.0969899665551839,
  "#F8FCF2": 0.0836120401337793,
  "#FBFDF7": 0.0501672240802675,
  "#AFDC78": 0.9130434782608696,
  "#F8FCF3": 0.080267558528428,
  "#CAE8A2": 0.6254180602006689,
  "#F9FCF4": 0.0702341137123745,
  "#F6FBEF": 0.1036789297658863,
  "#DAEEBD": 0.4448160535117057,
  "#C7E79F": 0.6488294314381271,
  "#F9FCF5": 0.0702341137123745,
  "#BAE189": 0.7926421404682275,
  "#C7E69E": 0.6521739130434783,
  "#FAFDF6": 0.0568561872909698,
  "#DDF0C3": 0.4013377926421404,
  "#CCE9A6": 0.5986622073578596,
  "#E4F3CF": 0.3210702341137124,
  "#C2E495": 0.7123745819397993,
  "#FBFDF8": 0.0434782608695651,
  "#FEFFFD": 0.0100334448160535,
  "#CAE8A3": 0.6187290969899665,
  "#E4F3CE": 0.3277591973244147,
  "#FBFDF9": 0.0434782608695651,
  "#F1F8E5": 0.1705685618729097,
  "#D0EAAC": 0.5551839464882944,
  "#FCFDF9": 0.0367892976588628,
  "#BBE28B": 0.7792642140468228,
  "#FCFEF9": 0.0367892976588628,
  "#E7F4D3": 0.294314381270903,
  "#D5EDB6": 0.49163879598662213,
  "#BAE18A": 0.7892976588628763,
  "#FDFEFC": 0.020066889632107003,
  "#CEE9A9": 0.5785953177257526,
  "#D2EBB0": 0.5284280936454849,
  "#F9FCF3": 0.0769230769230768,
  "#B3DE7E": 0.8662207357859532,
  "#B5DF82": 0.842809364548495,
  "#EBF6DB": 0.237458193979933,
  "#DEF0C4": 0.3946488294314381,
  "#D7EDB8": 0.4749163879598662,
  "#B6DF83": 0.8361204013377926,
  "#C5E59A": 0.6789297658862875,
  "#D5ECB5": 0.4949832775919732,
  "#FDFEFB": 0.0234113712374581,
  "#EDF7DE": 0.217391304347826,
  "#E0F1C7": 0.3745819397993311,
  "#FEFFFE": 0.0066889632107023,
  "#C3E597": 0.6989966555183947,
  "#ACDB74": 0.9364548494983278,
  "#E6F4D2": 0.3010033444816054,
  "#BBE28C": 0.7792642140468228,
  "#B8E087": 0.8093645484949833,
  "#F3FAEA": 0.1404682274247491,
  "#CBE8A4": 0.6120401337792643,
  "#FEFEFC": 0.0167224080267558,
  "#BEE390": 0.745819397993311,
  "#F6FBEE": 0.1103678929765886,
  "#B8E086": 0.8127090301003345,
  "#F1F9E6": 0.1638795986622073,
  "#DBEFBF": 0.4280936454849499,
  "#FEFEFD": 0.016722408026755793,
  "#E7F4D5": 0.2842809364548495,
  "#DCEFC1": 0.4180602006688964,
  "#B4DF80": 0.8528428093645485,
  "#B5DF81": 0.8461538461538461,
  "#C2E496": 0.7056856187290969,
  "#E3F2CC": 0.3411371237458194,
  "#BDE28F": 0.7558528428093645,
  "#F3FAE9": 0.1438127090301003,
  "#C0E393": 0.7324414715719063,
  "#E9F5D7": 0.2675585284280937,
  "#EBF6DA": 0.2441471571906354,
  "#CDE9A7": 0.5919732441471572,
  "#D2EBB1": 0.5250836120401338,
  "#BEE38F": 0.7525083612040133,
  "#D4ECB4": 0.5016722408026756,
  "#C3E598": 0.6923076923076923,
  "#BDE28D": 0.765886287625418,
  "#D3ECB3": 0.5150501672240803,
  "#BFE392": 0.7357859531772575,
  "#CDE9A8": 0.5852842809364549,
  "#ABDB72": 0.9464882943143812,
  "#B2DE7C": 0.8795986622073578,
  "#DFF1C6": 0.3812709030100334,
  "#D9EEBC": 0.4481605351170569,
  "#B9E189": 0.7993311036789298,
  "#C9E7A2": 0.6287625418060201,
  "#D9EEBD": 0.4448160535117057,
  "#D6EDB6": 0.4882943143812709,
  "#D3ECB2": 0.5150501672240803,
  "#D2EBAF": 0.5351170568561873,
  "#EAF6DA": 0.2474916387959865,
  "#B7E085": 0.8193979933110368,
  "#E0F1C8": 0.3678929765886287,
  "#B3DE7F": 0.862876254180602,
  "#DFF1C5": 0.3879598662207357,
  "#B2DE7D": 0.8729096989966555,
  "#C2E597": 0.7023411371237458,
  "#F5FBED": 0.117056856187291,
  "#C0E494": 0.725752508361204,
  "#C1E494": 0.7190635451505016,
  "#EEF7DF": 0.2107023411371237,
  "#CFEAAC": 0.5585284280936456,
  "#FAFDF5": 0.0635451505016722,
  "#C5E69B": 0.6722408026755853,
  "#DCEFC0": 0.4214046822742475,
  "#D3EBB2": 0.5217391304347826,
  "#E9F5D8": 0.2608695652173913,
  "#CCE9A7": 0.5919732441471572,
  "#DCF0C2": 0.4113712374581939,
  "#CCE8A6": 0.6020066889632107,
  "#ACDB73": 0.939799331103679,
  "#D1EBAE": 0.5418060200668897,
  "#D4ECB3": 0.5083612040133779,
  "#F0F8E3": 0.1839464882943143,
  "#CFEAAA": 0.5719063545150502,
  "#E6F4D3": 0.294314381270903,
  "#E5F4D1": 0.3076923076923077,
  "#C8E79F": 0.6454849498327759,
  "#D6EDB8": 0.4816053511705686,
  "#B6E083": 0.8327759197324415,
  "#EFF8E3": 0.1906354515050167,
  "#E3F3CE": 0.3311036789297659,
  "#C9E8A2": 0.6254180602006689,
  "#C0E392": 0.7324414715719063
}