{
  "#FCFEFA": 0.11371237458193975,
  "#FFFFFF": 0.026274543681891655,
  "#F0F8E4": 0.49364548494983274,
  "#C4E59A": 0.6053511705685619,
  "#ECF7DD": 0.0,
  "#DDF0C2": 0.0384615384615384,
  "#CFEAAB": 0.617056856187291,
  "#FAFDF6": 0.09113712374581939,
  "#CCE8A6": 0.862876254180602,
  "#F7FBF0": 0.17582417582417578,
  "#B3DE7F": 0.6521739130434783,
  "#FEFEFD": 0.08309750450218677,
  "#C2E495": 0.5993311036789297,
  "#FEFFFE": 0.2555183946488294,
  "#EEF7DF": 0.177257525083612,
  "#CFEAAC": 0.6789297658862876,
  "#C5E59A": 0.5797101449275361,
  "#DFF1C6": 0.3857302118171684,
  "#B2DE7D": 0.6722408026755853,
  "#FDFEFC": 0.0985335734499614,
  "#CBE8A4": 0.6399108138238573,
  "#CEE9A9": 0.617056856187291,
  "#EFF8E2": 0.11705685618729093,
  "#ECF6DC": 0.23076923076923075,
  "#DBEFC0": 0.23745819397993306,
  "#C6E69D": 0.5663322185061316,
  "#E9F5D7": 0.157190635451505,
  "#D6EDB7": 0.4573578595317726,
  "#F3FAE9": 0.23634336677814938,
  "#A6D96A": 0.41360089186176147,
  "#FCFEF9": 0.025083612040133735,
  "#D5EDB6": 0.5150501672240803,
  "#CBE8A5": 0.6408026755852843,
  "#E5F3D0": 0.2220735785953177,
  "#BEE38F": 0.6538461538461539,
  "#F0F8E3": 0.0702341137123745,
  "#CFEAAA": 0.7792642140468228,
  "#F9FCF5": 0.13266443701226308,
  "#BBE28B": 0.6839464882943144,
  "#E1F2CA": 0.3110367892976588,
  "#D8EEBA": 0.3352842809364548,
  "#C9E7A1": 0.6011705685618728,
  "#BFE391": 0.6516164994425863,
  "#C0E393": 0.6638795986622074,
  "#FFFFFE": 0.0003040437823046454,
  "#EDF7DE": 0.21989966555183946,
  "#D3ECB2": 0.5167224080267558,
  "#FBFDF8": 0.038127090301003294,
  "#E4F3CF": 0.25752508361204013,
  "#D3ECB3": 0.6655518394648829,
  "#EEF8E1": 0.27759197324414714,
  "#BBE18B": 0.6789297658862876,
  "#FEFFFD": 0.011287625418060176,
  "#B8E087": 0.9096989966555185,
  "#F1F9E5": 0.21683389074693418,
  "#B2DE7C": 0.5785953177257526,
  "#C9E7A2": 0.6528428093645484,
  "#FEFEFC": 0.007246376811594183,
  "#F6FBEF": 0.3431438127090301,
  "#C1E495": 0.6481605351170568,
  "#C8E7A0": 0.5693979933110367,
  "#E6F4D3": 0.47157190635451507,
  "#C5E69B": 0.680267558528428,
  "#BCE28C": 0.4698996655518395,
  "#FBFDF7": 0.1817168338907469,
  "#D2EBAF": 0.5986622073578596,
  "#F5FAEC": 0.2530657748049052,
  "#CCE9A6": 1.0,
  "#E8F5D6": 0.23745819397993306,
  "#D2EBB0": 0.810479375696767,
  "#DCEFC1": 0.1103678929765886,
  "#C3E597": 0.7848383500557414,
  "#BAE18A": 0.649665551839465,
  "#FDFEFB": 0.06981605351170564,
  "#CDE9A7": 0.2441471571906354,
  "#EBF6DA": 0.36454849498327757,
  "#BDE28D": 0.5384615384615385,
  "#F5FBED": 0.07357859531772576,
  "#C7E79F": 0.6775919732441471,
  "#F8FCF2": 0.30769230769230765,
  "#C0E494": 0.8260869565217391,
  "#EEF7E0": 0.10702341137123739,
  "#C4E599": 0.1036789297658863,
  "#B7E084": 0.7224080267558528,
  "#CDE9A8": 0.6020066889632106,
  "#ABDB72": 0.6337792642140468,
  "#D1EBAF": 0.5008361204013377,
  "#EBF6DB": 0.41304347826086957,
  "#C2E496": 0.6778149386845037,
  "#D2EBB1": 0.3478260869565217,
  "#E2F2CB": 0.3494983277591973,
  "#BFE392": 0.7959866220735786,
  "#D9EEBC": 0.4782608695652174,
  "#B9E189": 0.842809364548495,
  "#B5DF82": 0.7591973244147158,
  "#CAE8A3": 0.614429049211658,
  "#F2F9E8": 0.2474916387959866,
  "#C0E493": 0.6070234113712374,
  "#F9FCF4": 0.0409698996655518,
  "#DAEEBD": 0.6137123745819398,
  "#D5ECB5": 0.8444816053511706,
  "#E4F3CE": 0.028428093645484848,
  "#B6DF83": 0.6923076923076924,
  "#F9FCF3": 0.1705685618729097,
  "#B3DE7E": 0.7491638795986622,
  "#C1E494": 0.6153846153846154,
  "#F1F9E6": 0.3723522853957637,
  "#CAE8A4": 0.5217391304347826,
  "#B4DF80": 0.6555183946488294,
  "#E7F4D5": 0.5117056856187292,
  "#C7E69E": 0.6889632107023411,
  "#B5DF81": 0.7625418060200668,
  "#D0EAAD": 0.494314381270903,
  "#C0E392": 0.5418060200668897,
  "#D0EAAC": 0.5066889632107023,
  "#D1EBAE": 0.7123745819397993,
  "#E3F2CC": 0.4113712374581939,
  "#BDE28F": 0.6488294314381271,
  "#DCF0C2": 0.1103678929765886,
  "#F6FBEE": 0.3277591973244147,
  "#B8E086": 0.42140468227424743,
  "#BEE390": 0.2625418060200668,
  "#B1DD7B": 0.6493868450390189,
  "#CCE9A7": 0.6142697881828317,
  "#E1F2C9": 0.17391304347826086,
  "#D4ECB4": 0.6911928651059087,
  "#C3E598": 0.782608695652174,
  "#EAF6D9": 0.3361204013377926,
  "#D7EDB9": 0.6789297658862876,
  "#F4FAEB": 0.10200668896321065,
  "#F8FCF3": 0.0,
  "#CAE8A2": 0.4916387959866221,
  "#D4ECB3": 0.1906354515050167,
  "#EFF8E3": 0.2591973244147157,
  "#D7EDB8": 0.745819397993311,
  "#C9E8A2": 0.6053511705685619,
  "#FAFDF5": 0.10200668896321065,
  "#F7FBF1": 0.19732441471571904,
  "#AFDC78": 0.9464882943143812,
  "#E0F1C8": 0.1705685618729097,
  "#FBFDF9": 0.0234113712374581,
  "#F1F8E5": 0.0066889632107023,
  "#C2E597": 0.6655518394648829,
  "#C6E69C": 0.5652173913043479,
  "#E3F2CD": 0.36622073578595316,
  "#D3EBB1": 0.4816053511705685,
  "#F2F9E7": 0.30769230769230765,
  "#D9EEBB": 0.0,
  "#DDF0C3": 0.23578595317725748,
  "#E0F1C7": 0.21906354515050164,
  "#ACDB73": 0.842809364548495,
  "#DCEFC0": 0.2040133779264213,
  "#E5F4D1": 0.0969899665551839,
  "#C8E79F": 0.4682274247491639,
  "#D3EBB2": 0.5217391304347826,
  "#EAF6DA": 0.39799331103678925,
  "#DEF0C4": 0.713489409141583,
  "#BDE28E": 0.7933110367892977,
  "#FCFDF9": 0.028428093645484848,
  "#BAE189": 0.693979933110368,
  "#B6E083": 0.5919732441471572,
  "#F3FAEA": 0.2909698996655518,
  "#D9EEBD": 0.4180602006688964,
  "#D6EDB6": 0.8862876254180602,
  "#D6EDB8": 0.8361204013377926,
  "#E6F4D2": 0.2040133779264213,
  "#BBE28C": 0.6321070234113713,
  "#DFF1C7": 0.0,
  "#E3F3CD": 0.2608695652173913,
  "#E9F5D8": 0.2558528428093645,
  "#E3F3CE": 0.1705685618729097,
  "#D8EEB9": 0.9364548494983278,
  "#ACDB74": 0.8929765886287625,
  "#F4FAEA": 0.0,
  "#E8F5D7": 0.8193979933110368,
  "#B0DD7A": 0.5284280936454849,
  "#B7E085": 0.43478260869565216,
  "#DFF1C5": 0.0,
  "#DBEFBF": 0.7357859531772575,
  "#E7F4D3": 0.2842809364548495
}